Name,Sprecher,SprecherId,Text,DauerMs,Datei,Zeile,Funktion,Beat,Echo
"DLG_base_base_source_index_html_0001","ALLE TEXTE","","texte","","app/mods/_base_source_index.html","2533","renderEditor","",""
"DLG_base_base_source_index_html_0002","SICHERN","","sichern","","app/mods/_base_source_index.html","2533","renderEditor","",""
"DLG_base_base_source_index_html_0003","","","Im Kreis steht jemand. Klein. Barfuß.","3500","app/mods/_base_source_index.html","2692","chalkArrow","",""
"DLG_base_base_source_index_html_0004","","","*Radio-Rauschen*","1800","app/mods/_base_source_index.html","2694","chalkArrow","",""
"DLG_base_base_source_index_html_0005","AUTORADIO","radio","„…nicht nach Hause… Luke… nicht nach Hau–“","3200","app/mods/_base_source_index.html","2694","chalkArrow","",""
"DLG_base_base_source_index_html_0006","","","*Klick*","800","app/mods/_base_source_index.html","2694","chalkArrow","",""
"DLG_base_base_source_index_html_0007","","","… das bin ich …","2200","app/mods/_base_source_index.html","2700","chalkArrow","",""
"DLG_base_base_source_index_html_0008","","","*Rauschen*","2200","app/mods/_base_source_index.html","2777","doorAction","",""
"DLG_base_base_source_index_html_0009","LUCY · TONBAND","lucy","„Hey, Großer. Wenn du das findest … ich bin’s.“","3600","app/mods/_base_source_index.html","2777","doorAction","",""
"DLG_base_base_source_index_html_0010","LUCY · TONBAND","lucy","„Die Leute hier sind nicht mehr die Leute von früher.“","3600","app/mods/_base_source_index.html","2777","doorAction","",""
"DLG_base_base_source_index_html_0011","LUCY · TONBAND","lucy","„Frau Wendt steht nachts im Garten und starrt nach oben. Stundenlang.“","4200","app/mods/_base_source_index.html","2778","doorAction","",""
"DLG_base_base_source_index_html_0012","LUCY · TONBAND","lucy","„Ich weiß jetzt, was im Sommer 2009 passiert ist. Nicht nur, dass. Was.“","4400","app/mods/_base_source_index.html","2778","doorAction","",""
"DLG_base_base_source_index_html_0013","LUCY · TONBAND","lucy","„Wir waren beide weg. Du auch.“","3600","app/mods/_base_source_index.html","2779","doorAction","",""
"DLG_base_base_source_index_html_0014","LUCY · TONBAND","lucy","„Sie haben uns zurückgebracht. Aber nicht alles von uns.“","4200","app/mods/_base_source_index.html","2781","doorAction","",""
"DLG_base_base_source_index_html_0015","LUCY · TONBAND","lucy","„Wenn du das hörst … fahr heim, Großer. Bitte.“","4200","app/mods/_base_source_index.html","2781","doorAction","",""
"DLG_base_base_source_index_html_0016","","","*Klick*","1500","app/mods/_base_source_index.html","2781","doorAction","",""
"DLG_base_base_source_index_html_0017","","","Hinter dir klickt eine Schnalle. Der Stuhl ist leer. Die Riemen sind offen.","4200","app/mods/_base_source_index.html","2781","doorAction","",""
"DLG_base_base_source_index_html_0018","HERR VEGAS · HINTER DER TÜR","vegas","„Wer ist da? … Luke? Luke Brandt? Mein Gott, bist du groß geworden.“","4200","app/mods/_base_source_index.html","2816","checkHome","",""
"DLG_base_base_source_index_html_0019","HERR VEGAS · HINTER DER TÜR","vegas","„Ich mach nicht auf. Nicht nachts. Nicht mehr.“","3400","app/mods/_base_source_index.html","2816","checkHome","",""
"DLG_base_base_source_index_html_0020","HERR VEGAS · HINTER DER TÜR","vegas","„Bruno ist weg, mein Hund. Seit gestern Nacht. Ist rüber zum Brandhaus und nicht zurückgekommen.“","4800","app/mods/_base_source_index.html","2817","checkHome","",""
"DLG_base_base_source_index_html_0021","HERR VEGAS · HINTER DER TÜR","vegas","„Wenn du ihn siehst … bitte.“","3000","app/mods/_base_source_index.html","2817","checkHome","",""
"DLG_base_base_source_index_html_0022","HERR VEGAS · HINTER DER TÜR","vegas","„Hast du Bruno gefunden? … Nein. Natürlich nicht.“","3600","app/mods/_base_source_index.html","2820","checkHome","",""
"DLG_base_base_source_index_html_0023","HERR VEGAS · HINTER DER TÜR","vegas","„Das ist … Brunos Halsband.“","3200","app/mods/_base_source_index.html","2822","checkHome","",""
"DLG_base_base_source_index_html_0024","HERR VEGAS · HINTER DER TÜR","vegas","„Hast du den Kreis gesehen? Im Gras? Den gab es 2009 auch.“","4200","app/mods/_base_source_index.html","2822","checkHome","",""
"DLG_base_base_source_index_html_0025","HERR VEGAS · HINTER DER TÜR","vegas","„Der Sommer, in dem ihr Kinder vier Tage weg wart. Sieben sind gegangen.“","4500","app/mods/_base_source_index.html","2823","checkHome","",""
"DLG_base_base_source_index_html_0026","HERR VEGAS · HINTER DER TÜR","vegas","„Und eines Nachts standet ihr barfuß auf der Kreuzung. Sieben. Ich hab gezählt.“","4800","app/mods/_base_source_index.html","2823","checkHome","",""
"DLG_base_base_source_index_html_0027","HERR VEGAS · HINTER DER TÜR","vegas","„Hilde Wendt hat immer gesagt, einer von euch gehört nicht hierher.“","4400","app/mods/_base_source_index.html","2824","checkHome","",""
"DLG_base_base_source_index_html_0028","HERR VEGAS · HINTER DER TÜR","vegas","„Geh nach Hause, Luke. Solange du noch weißt, wo das ist.“","4000","app/mods/_base_source_index.html","2824","checkHome","",""
"DLG_base_base_source_index_html_0029","","","Hinter der Tür bleibt es still. Aber das Licht im Flur ist aus.","3500","app/mods/_base_source_index.html","2828","checkHome","",""
"DLG_base_base_source_index_html_0030","","","*Rauschen*","2000","app/mods/_base_source_index.html","2850","handset","",""
"DLG_base_base_source_index_html_0031","STIMME","","„…Luke? Hörst du mich?“","2800","app/mods/_base_source_index.html","2850","handset","",""
"DLG_base_base_source_index_html_0032","STIMME","","„Geh nicht in den Keller. Da unten ist nicht Lucy.“","4000","app/mods/_base_source_index.html","2850","handset","",""
"DLG_base_base_source_index_html_0033","","","Die Stimme. Das ist … deine eigene.","3600","app/mods/_base_source_index.html","2850","handset","",""
"DLG_base_base_source_index_html_0034","","","Keine Spieluhr darunter. Nur Rauschen.","2600","app/mods/_base_source_index.html","2850","handset","",""
"DLG_base_base_source_index_html_0035","","","*Freizeichen*","1800","app/mods/_base_source_index.html","2850","handset","",""
"DLG_base_base_source_index_html_0036","","","Ein tiefes Brummen. Die Fensterscheiben vibrieren.","4000","app/mods/_base_source_index.html","2878","startOutage","",""
"DLG_base_base_source_index_html_0037","","","Mitten auf der Straße steht jemand. Im Nachthemd. Frau Wendt?","4500","app/mods/_base_source_index.html","2881","startPhase2","",""
"DLG_base_base_source_index_html_0038","","","Stille. Kein Brummen mehr. Wo sie stand, glänzt der Asphalt, als hätte es nur dort geregnet.","5200","app/mods/_base_source_index.html","2892","ending","",""
"DLG_base_base_source_index_html_0039","","","Der Keller. Die Wand mit den Zeichnungen. Dahinter hat es hohl geklungen.","4600","app/mods/_base_source_index.html","2893","ending","",""
"DLG_base_base_source_index_html_0040","","","Lost Eyengless. Hier bist du aufgewachsen. Warum fühlt es sich so fremd an?","5000","app/mods/_base_source_index.html","2979","beginGame","",""
"DLG_base_base_source_index_html_0041","","","… nicht … raten …","1800","app/mods/_base_source_index.html","3309","scareCellarDoor","",""
"DLG_base_base_source_index_html_0042","","","… Luke …","1500","app/mods/_base_source_index.html","3327","scareChair","",""
"DLG_base_base_source_index_html_0043","","","Nichts. Nur Regen im Gesicht. Und ein Geruch wie nasser Beton.","4000","app/mods/_base_source_index.html","3384","scareTackle","",""
"DLG_base_base_source_index_html_0044","","","„Bruder.“","1800","app/mods/_base_source_index.html","3400","scareZombieGrab","",""
"DLG_base_base_source_index_html_0045","","","… Luke …","1800","app/mods/_base_source_index.html","3460","runEvent","",""
"DLG_base_base_source_index_html_0046","","","Der Motor läuft. Niemand sitzt am Steuer.","4200","app/mods/_base_source_index.html","3691","lifeUpdate","",""
"DLG_base_base_source_index_html_0047","LUKE","","Samstag kommt vor Sonntag. Das krieg ich hin.","3400","app/mods/_base_source_index.html","3819","drawBoard","",""
"DLG_base_base_source_index_html_0048","LUKE","","Wer schon leuchtet, bleibt in Ruhe.","3000","app/mods/_base_source_index.html","3848","fuseFlip","",""
"DLG_base_base_source_index_html_0049","LUKE","","Vier Hebel. Nur die in der Mitte.","3000","app/mods/_base_source_index.html","3849","fuseFlip","",""
"DLG_base_base_source_index_html_0050","LAUTSPRECHER","lautsprecher","„Notstrom aktiv. Außenstelle Lost Eyengless.“","3600","app/mods/_base_source_index.html","3870","powerOn","",""
"DLG_base_base_source_index_html_0051","","","Das Licht. Es … atmet.","3000","app/mods/_base_source_index.html","3898","spiderEvent","",""
"DLG_base_base_source_index_html_0052","","","Aus den Ritzen. Aus der Decke. Aus dem Kokon. Tausende.","3500","app/mods/_base_source_index.html","3902","spiderEvent","",""
"DLG_base_base_source_index_html_0053","","","Sie sind auf dir. Schüttle sie ab!","2500","app/mods/_base_source_index.html","3915","spiderUpdate","",""
"DLG_base_base_source_index_html_0054","","","Weg. Als wären sie nie da gewesen. Nur der Kokon ist aufgerissen. Und leer.","5000","app/mods/_base_source_index.html","3927","spidersGone","",""
"DLG_base_base_source_index_html_0055","LAUTSPRECHER","lautsprecher","„Reaktion auf Reiz: hoch. Abweichung von 2009.“","3200","app/mods/_base_source_index.html","3931","spidersGone","",""
"DLG_base_base_source_index_html_0056","","","Hinter dir: Schritte auf dem Beton. Nicht schnell. Und ein Lachen, das nicht aufhört.","3600","app/mods/_base_source_index.html","3958","startChase","",""
"DLG_base_base_source_index_html_0057","","","Die Tür fällt zu. Dahinter: Fäuste auf Stahl. Dann Stille.","4500","app/mods/_base_source_index.html","3990","chaseUpdate","",""
"DLG_base_base_source_index_html_0058","","","Du kommst zu dir. Am Anfang des Gangs. Es hat dich nicht behalten. Noch nicht.","4000","app/mods/_base_source_index.html","3995","caught","",""
"DLG_base_base_source_index_html_0059","","","Beim letzten Ton springt ein Aktenfach ohne Griff auf. Darin: eine Akte ohne Namen.","4000","app/mods/_base_source_index.html","4029","safeOpens","",""
"DLG_base_base_source_index_html_0060","","","Lucy öffnet die Augen. Blau. Sie lächelt um den Schlauch herum. Das geht kaum.","4200","app/mods/_base_source_index.html","4047","finale","",""
"DLG_base_base_source_index_html_0061","LUKE","","Flocke.","1800","app/mods/_base_source_index.html","4049","finale","",""
"DLG_base_base_source_index_html_0062","LUCY · IM TANK","lucy","„Wer hat dir das gesagt? … Egal. Hey, Großer.“","4200","app/mods/_base_source_index.html","4049","finale","",""
"DLG_base_base_source_index_html_0063","LUCY · IM TANK","lucy","„Flocke. … Hey, Großer.“","3400","app/mods/_base_source_index.html","4049","finale","",""
"DLG_base_base_source_index_html_0064","LUCY · IM TANK","lucy","„Flocke. … Hey, Großer.“","3400","app/mods/_base_source_index.html","4050","finale","",""
"DLG_base_base_source_index_html_0065","LUCY · IM TANK","lucy","„Seit dem ersten Morgen. Mir hat die Hälfte gefehlt. Und dann warst du da und hast mich angeguckt, als wär ich das Wichtigste auf der Welt. Da hab ich dich genommen.“","7600","app/mods/_base_source_index.html","4051","finale","",""
"DLG_base_base_source_index_html_0066","LUCY · IM TANK","lucy","„Hilde. Unter der Erde findet sie niemanden, und im Tank bin ich nicht hier und nicht dort.“","5200","app/mods/_base_source_index.html","4052","finale","",""
"DLG_base_base_source_index_html_0067","LUCY · IM TANK","lucy","„Hilde hat gesagt: Solange die Luke zu ist, bist du sicher. Die Luke da oben, Großer. Nicht du.“","5600","app/mods/_base_source_index.html","4052","finale","",""
"DLG_base_base_source_index_html_0068","LUCY · IM TANK","lucy","„Ich weiß. Ich hab mitgezählt. Jetzt bist du ja da.“","3800","app/mods/_base_source_index.html","4053","finale","",""
"DLG_base_base_source_index_html_0069","LUKE","","Du riechst den Rauch, oder?","2800","app/mods/_base_source_index.html","4056","finale","",""
"DLG_base_base_source_index_html_0070","LUCY · IM TANK","lucy","„Onkel Peter.“","2600","app/mods/_base_source_index.html","4056","finale","",""
"DLG_base_base_source_index_html_0071","LUCY · IM TANK","lucy","„Er hat so lange gewartet, dass einer die Tür aufmacht. Du hast sie aufgemacht, Großer. Nur anders.“","5600","app/mods/_base_source_index.html","4056","finale","",""
"DLG_base_base_source_index_html_0072","LUCY · IM TANK","lucy","„Du bist nicht der, mit dem ich geboren bin. Du bist der, mit dem ich groß geworden bin. Den hab ich mir ausgesucht.“","5800","app/mods/_base_source_index.html","4058","finale","",""
"DLG_base_base_source_index_html_0073","LUCY · IM TANK","lucy","„Wer es weiß, durch den sieht sie. Deshalb hab ich nie was gesagt.“","4400","app/mods/_base_source_index.html","4059","finale","",""
"DLG_base_base_source_index_html_0074","LUCY · IM TANK","lucy","„… Du hast die Akte gelesen. Weißt du es jetzt?“","3800","app/mods/_base_source_index.html","4060","finale","",""
"DLG_base_base_source_index_html_0075","","","Das Brummen. Es kommt durch den Beton. Von oben.","4000","app/mods/_base_source_index.html","4063","finale","",""
"DLG_base_base_source_index_html_0076","LUCY · IM TANK","lucy","„Mach die Augen zu!“","2600","app/mods/_base_source_index.html","4067","finale","",""
"DLG_base_base_source_index_html_0077","DAS KIND","luna","„Das hilft bei dir nicht, Bruder. Ich seh ja durch dich.“","4600","app/mods/_base_source_index.html","4077","finale","",""
"DLG_base_base_source_index_html_0078","","","Du liegst auf dem Beton. Der Tank ist leer. Nur deine Hand ist noch an der Scheibe abgedrückt.","5200","app/mods/_base_source_index.html","4086","finale","",""
"DLG_base_base_source_index_html_0079","","","Über dir zieht Luft durch die Decke. Kalt. Sie riecht nach Regen.","4200","app/mods/_base_source_index.html","4087","finale","",""
"DLG_base_base_source_index_html_0080","","","Es riecht nach Rost. Und nach Sommer 2009.","4000","app/mods/_base_source_index.html","4116","startChapter2","",""
"DLG_base_base_source_index_html_0081","","","Aktenschränke. Sieben Schubladen sind beschriftet. Eine ist leer.","4000","app/mods/_base_source_index.html","4125","ch2Update","",""
"DLG_base_base_source_index_html_0082","","","Acht Stühle im Kreis. Gurte, Namensschilder. Das achte leer. In der Mitte ein Tank, mannshoch.","5200","app/mods/_base_source_index.html","4129","ch2Update","",""
"DLG_base_base_source_index_html_0083","","","*Rauschen*","2200","app/mods/_base_source_index.html","4237","broadcast","",""
"DLG_base_base_source_index_html_0084","","","„Hier Außenstelle Lost Eyengless. Zyklus siebzehn.“","3600","app/mods/_base_source_index.html","4237","broadcast","",""
"DLG_base_base_source_index_html_0085","LUCY","lucy","„Vor unseren Häusern. In ihrer Reihenfolge.“","3400","app/mods/_base_source_index.html","4237","broadcast","",""
"DLG_base_base_source_index_html_0086","LUCY","lucy","„Hilde hat aufgeschrieben, wann. Und im Amt hängt, wer wann unterschrieben hat.“","5000","app/mods/_base_source_index.html","4237","broadcast","",""
"DLG_base_base_source_index_html_0087","DU","luke","Falsch. So hat sie sie nicht geholt.","3600","app/mods/_base_source_index.html","4265","wrongSwitch","",""
"DLG_base_base_source_index_html_0088","","","„Jetzt! Zu mir, Kind – zur Kreuzung! Sie kommen!“","2600","app/mods/_base_source_index.html","4270","lampsOut","",""
"DLG_base_base_source_index_html_0089","","","Hinter dir: nackte Füße auf nassem Asphalt. Viele.","3200","app/mods/_base_source_index.html","4284","startC3Chase","",""
"DLG_base_base_source_index_html_0090","","","Kalte Kinderhände. Dann nichts. Du liegst wieder vor Nr. 7. Sie warten im Dunkeln.","4200","app/mods/_base_source_index.html","4303","c3Caught","",""
"DLG_base_base_source_index_html_0091","","","Die Schatten bleiben am Rand des Lichts stehen. Keiner tritt hinein.","3600","app/mods/_base_source_index.html","4312","c3Safe","",""
"DLG_base_base_source_index_html_0092","","","„Sie dürfen nicht nach Nimmerheim. Nur wir zwei.“","3200","app/mods/_base_source_index.html","4312","c3Safe","",""
"DLG_base_base_source_index_html_0093","","","„Das Licht hat keine Lampen mehr, an die es sich halten kann. Es steigt herab.“","3800","app/mods/_base_source_index.html","4313","c3Safe","",""
"DLG_base_base_source_index_html_0094","","","„Nimm meine Hand, Kind. Und lass sie nicht los, was immer du drinnen siehst.“","4200","app/mods/_base_source_index.html","4313","c3Safe","",""
"DLG_base_base_source_index_html_0095","","","*Rauschen*","1800","app/mods/_base_source_index.html","4323","c3Phone","",""
"DLG_base_base_source_index_html_0096","LUCYS STIMME","lucy","„Haus Nummer 7. Der Keller.“","2800","app/mods/_base_source_index.html","4323","c3Phone","",""
"DLG_base_base_source_index_html_0097","","","Das ist der Anruf von damals. Wort für Wort.","3200","app/mods/_base_source_index.html","4323","c3Phone","",""
"DLG_base_base_source_index_html_0098","LUCYS STIMME","lucy","„Haus … Nummer … sieben …“","3200","app/mods/_base_source_index.html","4324","c3Phone","",""
"DLG_base_base_source_index_html_0099","","","Die Stimme wird langsamer. Höher. Die Stimme eines kleinen Mädchens.","3800","app/mods/_base_source_index.html","4324","c3Phone","",""
"DLG_base_base_source_index_html_0100","","","„Das war nicht Lucy, Bruder. Das war ich.“","3400","app/mods/_base_source_index.html","4325","c3Phone","",""
"DLG_base_base_source_index_html_0101","","","„Ich kann alle Stimmen. Die von Lucy. Deine. Die von Papa.“","4000","app/mods/_base_source_index.html","4325","c3Phone","",""
"DLG_base_base_source_index_html_0102","","","„Du solltest es wissen. Wer es weiß, gehört mir.“","3600","app/mods/_base_source_index.html","4326","c3Phone","",""
"DLG_base_base_source_index_html_0103","","","*Freizeichen*","1600","app/mods/_base_source_index.html","4326","c3Phone","",""
"DLG_base_base_source_index_html_0104","","","Direkt hinter dir kichert etwas. Als du dich umdrehst, ist da nur Nebel.","3800","app/mods/_base_source_index.html","4327","c3Phone","",""
"DLG_base_base_source_index_html_0105","","","Die Karte zerfällt zu weißem Staub.","2800","app/mods/_base_source_index.html","4410","room1Answer","",""
"DLG_base_base_source_index_html_0106","","","„Der zehnte Geburtstag. Den hat der Knabe, der hier schlief, nie gehabt.“","4200","app/mods/_base_source_index.html","4410","room1Answer","",""
"DLG_base_base_source_index_html_0107","","","„Das ist deine Erinnerung, nicht seine. Du hast sie mitgebracht.“","3800","app/mods/_base_source_index.html","4410","room1Answer","",""
"DLG_base_base_source_index_html_0108","","","„Alles in diesem Zimmer gab es am Abend, bevor er ging. Was gab es erst danach?“","4600","app/mods/_base_source_index.html","4414","room1Answer","",""
"DLG_base_base_source_index_html_0109","","","Am Küchentisch sitzt Frau Wendt. Die Frau, die das Licht vor deinen Augen nach oben gerissen hat.","4400","app/mods/_base_source_index.html","4448","hildeTalks","",""
"DLG_base_base_source_index_html_0110","HILDE WENDT","hilde","„Luke. Oder wie immer du heißt.“","2800","app/mods/_base_source_index.html","4448","hildeTalks","",""
"DLG_base_base_source_index_html_0111","HILDE WENDT","hilde","„So lange hab ich auf meinen Zayn gewartet. Jetzt bin ich bei ihm. Nur anders, als ich wollte.“","4400","app/mods/_base_source_index.html","4449","hildeTalks","",""
"DLG_base_base_source_index_html_0112","HILDE WENDT","hilde","„Frag ihn nicht, was sie will. Frag ihn nach seiner Hand.“","3600","app/mods/_base_source_index.html","4450","hildeTalks","",""
"DLG_base_base_source_index_html_0113","HILDE WENDT","hilde","„Und die Uhr da … stell sie auf die Zeit, zu der sie dich gebracht haben. Dann lässt es euch durch.“","4600","app/mods/_base_source_index.html","4451","hildeTalks","",""
"DLG_base_base_source_index_html_0114","","","Die Uhr schlägt einmal. Frau Wendt löst sich auf wie Atem an einer Scheibe.","4000","app/mods/_base_source_index.html","4456","room2Solved","",""
"DLG_base_base_source_index_html_0115","","","Justin steht in der Tür. Er sieht dich nicht an.","3000","app/mods/_base_source_index.html","4456","room2Solved","",""
"DLG_base_base_source_index_html_0116","","","„Sie hat recht. Du sollst es von mir hören.“","3200","app/mods/_base_source_index.html","4457","room2Solved","",""
"DLG_base_base_source_index_html_0117","","","„Anno 1312 fiel das Lichtschiff in die Senke hinter meinem Hof. Meine Tochter war sieben. Sie dachte, das Spiel fängt an.“","5600","app/mods/_base_source_index.html","4457","room2Solved","",""
"DLG_base_base_source_index_html_0118","","","„Sechs Kinder liefen ihr nach. Meine Frau holte sie heraus, eins nach dem andern. Dann ging sie noch einmal. Für Luna.“","5600","app/mods/_base_source_index.html","4458","room2Solved","",""
"DLG_base_base_source_index_html_0119","","","Und du?","1600","app/mods/_base_source_index.html","4458","room2Solved","",""
"DLG_base_base_source_index_html_0120","","","„Ich hatte ihre Hand. Am Rand. Dann riss die Luft auf, und sie ließ los. So war es.“","5000","app/mods/_base_source_index.html","4459","room2Solved","",""
"DLG_base_base_source_index_html_0121","","","Acht Stühle im Kreis. Auf sieben sitzen Kinder. Sie drehen die Köpfe. Alle gleichzeitig.","4400","app/mods/_base_source_index.html","4479","room3Scene","",""
"DLG_base_base_source_index_html_0122","","","Der achte Stuhl ist leer. Er steht mit der Lehne zu dir.","3600","app/mods/_base_source_index.html","4479","room3Scene","",""
"DLG_base_base_source_index_html_0123","","","In der Mitte, über dem Licht: ein Mädchen. Grau wie Asche.","3600","app/mods/_base_source_index.html","4480","room3Scene","",""
"DLG_base_base_source_index_html_0124","DAS KIND","luna","„Bruder. Du hast ihn mitgebracht.“","3000","app/mods/_base_source_index.html","4480","room3Scene","",""
"DLG_base_base_source_index_html_0125","DAS KIND","luna","„Ich hab dich gemacht. Aus seiner Hand. Darum hast du seine Augen.“","4200","app/mods/_base_source_index.html","4481","room3Scene","",""
"DLG_base_base_source_index_html_0126","DAS KIND","luna","„Ich hab die ganze Nacht durch dich geguckt.“","3400","app/mods/_base_source_index.html","4481","room3Scene","",""
"DLG_base_base_source_index_html_0127","DAS KIND","luna","„Du bist rangegangen. Endlich.“","3000","app/mods/_base_source_index.html","4483","room3Scene","",""
"DLG_base_base_source_index_html_0128","DAS KIND","luna","„Die Frau hat so schön gezählt. Ich hab ihr zugehört, jede Nacht.“","4200","app/mods/_base_source_index.html","4484","room3Scene","",""
"DLG_base_base_source_index_html_0129","DAS KIND","luna","„Der alte Mann mit dem Silberhut. Der guckt immer nach oben. Ich wink ihm.“","4200","app/mods/_base_source_index.html","4485","room3Scene","",""
"DLG_base_base_source_index_html_0130","DAS KIND","luna","„Das Spiel ist erst aus, wenn alle gefunden sind. Papa ist gefunden. Fast.“","4600","app/mods/_base_source_index.html","4487","room3Scene","",""
"DLG_base_base_source_index_html_0131","DAS KIND","luna","„Ein Stück von Papa ist noch draußen.“","3200","app/mods/_base_source_index.html","4487","room3Scene","",""
"DLG_base_base_source_index_html_0132","","","„Ich hab es an der Kreuzung gewusst. Deine Augen. Ich hab dich gebraucht, damit sie mich sieht.“","5000","app/mods/_base_source_index.html","4488","room3Scene","",""
"DLG_base_base_source_index_html_0133","","","„Ich hatte kein anderes Fenster.“","3000","app/mods/_base_source_index.html","4488","room3Scene","",""
"DLG_base_base_source_index_html_0134","","","Du hättest es sagen können.","2600","app/mods/_base_source_index.html","4489","room3Scene","",""
"DLG_base_base_source_index_html_0135","","","„Dann hättest du weggesehen.“","2800","app/mods/_base_source_index.html","4489","room3Scene","",""
"DLG_base_base_source_index_html_0136","","","„Du bist aus mir gemacht. Du träumst ihre Träume. Sag mir, Knabe: Was will sie?“","5200","app/mods/_base_source_index.html","4490","room3Scene","",""
"DLG_base_base_source_index_html_0137","","","Kein Oben, kein Unten. Nur Weiß, das nach Sommer riecht.","3600","app/mods/_base_source_index.html","4522","enterWhite","",""
"DLG_base_base_source_index_html_0138","","","„Drinnen. Die Kinder von damals haben es Nimmerheim genannt. Weil da keiner groß wird und keiner heimdarf.“","4600","app/mods/_base_source_index.html","4522","enterWhite","",""
"DLG_base_base_source_index_html_0139","","","„Es baut sich aus dem, was es sich gemerkt hat. Küchen. Wiesen. Dein Haus, wenn es will. Es riecht nach Sommer. Lass dich davon nicht täuschen.“","5200","app/mods/_base_source_index.html","4522","enterWhite","",""
"DLG_base_base_source_index_html_0140","","","„Es wird uns Erinnerungen zeigen. Eine davon lügt. Immer.“","3600","app/mods/_base_source_index.html","4523","enterWhite","",""
"DLG_base_base_source_index_html_0141","","","Dein Kinderzimmer. Nein – seines. 28. Juli 2009, eine Minute bevor er ging.","4400","app/mods/_base_source_index.html","4528","c3WhiteUpdate","",""
"DLG_base_base_source_index_html_0142","","","„Alles hier ist aus dieser Nacht. Bis auf eine Sache.“","3600","app/mods/_base_source_index.html","4528","c3WhiteUpdate","",""
"DLG_base_base_source_index_html_0143","","","Hinter dir. Etwas Schweres ist auf die Straße geschlagen.","3600","app/mods/_base_source_index.html","4606","cowDrop","",""
"DLG_base_base_source_index_html_0144","","","Dreh dich um.","2200","app/mods/_base_source_index.html","4607","cowDrop","",""
"DLG_base_base_source_index_html_0145","","","Eine Kuh. Mitten auf der Kreuzung. Aus dem Nichts.","3200","app/mods/_base_source_index.html","4620","cowUpdate","",""
"DLG_base_base_source_index_html_0146","","","Über den Dächern: Lichter, die sich lautlos entfernen. Immer kleiner. Dann nichts.","4200","app/mods/_base_source_index.html","4620","cowUpdate","",""
"DLG_base_base_source_index_html_0147","","","Das Fell ist warm. Viel zu warm. Unter ihr breitet sich das Blut immer noch aus.","3800","app/mods/_base_source_index.html","4624","cowUpdate","",""
"DLG_base_base_source_index_html_0148","","","Die Rippen sind eingedrückt, die Beine stehen in falschen Winkeln ab. Die Augen fehlen – die Ränder glatt, wie verschmolzen.","5200","app/mods/_base_source_index.html","4624","cowUpdate","",""
"DLG_base_base_source_index_html_0149","","","In die Flanke sind Kreise gebrannt. Du zählst sie.","3400","app/mods/_base_source_index.html","4624","cowUpdate","",""
"DLG_base_base_source_index_html_0150","","","Sieben. Und ein achter, nur halb.","3200","app/mods/_base_source_index.html","4624","cowUpdate","",""
"DLG_base_base_source_index_html_0151","","","Kein Mensch. Kein Wind. Nur das Summen, tief im Bauch.","4200","app/mods/_base_source_index.html","4660","chapter3Opening","",""
"DLG_base_base_source_index_html_0152","","","Aus den Schlitzen des Gullydeckels fällt warmes Licht. Laternenlicht. Von unten.","4400","app/mods/_base_source_index.html","4669","ch3Update","",""
"DLG_base_base_source_index_html_0153","VEGAS, 2009","vegas","„… fünf, sechs, sieben.“","2800","app/mods/_base_source_index.html","4895","fabUpdate","","echo_kreuzung"
"DLG_base_base_source_index_html_0154","VEGAS, 2009","vegas","„Sieben. Gott sei Dank. Alle sieben.“","3000","app/mods/_base_source_index.html","4895","fabUpdate","","echo_kreuzung"
"DLG_base_base_source_index_html_0155","MANN VOM AMT","wolter","„Wir könnten Ihnen einen Jungen geben, Frau Wendt. Er wäre … fast wie Zayn.“","4400","app/mods/_base_source_index.html","4897","fabUpdate","","echo_kueche"
"DLG_base_base_source_index_html_0156","HILDE WENDT","hilde","„Ich will meinen Zayn.“","2600","app/mods/_base_source_index.html","4897","fabUpdate","","echo_kueche"
"DLG_base_base_source_index_html_0157","MANN VOM AMT","wolter","„So funktioniert das nicht. Das Licht gibt nie genau zurück, was es nimmt.“","4400","app/mods/_base_source_index.html","4897","fabUpdate","","echo_kueche"
"DLG_base_base_source_index_html_0158","HILDE WENDT","hilde","„Dann will ich gar keinen.“","2800","app/mods/_base_source_index.html","4897","fabUpdate","","echo_kueche"
"DLG_base_base_source_index_html_0159","MAMA","mama","„Wie heißt unser Hund, Luke?“","2800","app/mods/_base_source_index.html","4899","fabUpdate","","echo_kinderzimmer"
"DLG_base_base_source_index_html_0160","MAMA","mama","„Egal. Ist egal, mein Schatz. Du bist da.“","3200","app/mods/_base_source_index.html","4899","fabUpdate","","echo_kinderzimmer"
"DLG_base_base_source_index_html_0161","ROXY, 8","","„Ich will zurück. Da oben war es warm.“","3200","app/mods/_base_source_index.html","4901","fabUpdate","","echo_brand"
"DLG_base_base_source_index_html_0162","ROXY, 8","","„Wenn das Haus weg ist, muss es mich wieder holen.“","3600","app/mods/_base_source_index.html","4901","fabUpdate","","echo_brand"
"DLG_base_base_source_index_html_0163","SEILER","seiler","„Lassen Sie ihn. Der tut keinem was. Der hat den Jungen gebracht.“","4200","app/mods/_base_source_index.html","4904","fabUpdate","","echo_messraum"
"DLG_base_base_source_index_html_0164","EIN MÄDCHEN","","„Warum weint er dann?“","2600","app/mods/_base_source_index.html","4904","fabUpdate","","echo_messraum"
"DLG_base_base_source_index_html_0165","LARS VEGAS, 9","","„Der Mann hat kalte Hände.“","2600","app/mods/_base_source_index.html","4906","fabUpdate","","echo_1975"
"DLG_base_base_source_index_html_0166","DER MANN IN EISEN","justin","„Lass nicht los. Wer loslässt, fällt irgendwohin in die Zeit.“","3600","app/mods/_base_source_index.html","4906","fabUpdate","","echo_1975"
"DLG_base_base_source_index_html_0167","","","Irgendwo hinter dir: ein Kichern. Ganz leise.","3200","app/mods/_base_source_index.html","4970","greyUpdate","",""
"DLG_base_base_source_index_html_0168","","","Das Kichern entfernt sich. Für jetzt.","2800","app/mods/_base_source_index.html","4979","greyUpdate","",""
"DLG_base_base_source_index_html_0169","","","Kleine, kalte Finger an deinem Hals. Dann ist sie fort. Sie spielt nur. Noch.","4200","app/mods/_base_source_index.html","4985","greyCaught","",""
"DLG_base_base_source_index_html_0170","KIND","","„Wer hat uns hergebracht?“","2600","app/mods/_base_source_index.html","5047","loadCanal","","echo_kanal_laterne"
"DLG_base_base_source_index_html_0171","KIND","","„Das Mädchen im Licht. Hier wird keiner groß.“","3400","app/mods/_base_source_index.html","5047","loadCanal","","echo_kanal_laterne"
"DLG_base_base_source_index_html_0172","JUNGE","","„Ich kenn die mit der Stalllaterne. Ihr Papa ruft, aber sie sieht ihn nicht.“","4200","app/mods/_base_source_index.html","5048","loadCanal","","echo_kanal_laterne"
"DLG_base_base_source_index_html_0173","","","Du steigst hinab. Die Sprossen sind kalt und nass. Es sind viel zu viele.","6000","app/mods/_base_source_index.html","5053","enterCanal","",""
"DLG_base_base_source_index_html_0174","","","Unten ist kein Kanal. Unten ist eine Stadt.","3200","app/mods/_base_source_index.html","5057","enterCanal","",""
"DLG_base_base_source_index_html_0175","","","Holzhäuser, Laternen, Wäsche über dem Wasser. Nichts davon gehört nach Lost Eyengless.","4200","app/mods/_base_source_index.html","5057","enterCanal","",""
"DLG_base_base_source_index_html_0176","","","Irgendwo tropft es.","2400","app/mods/_base_source_index.html","5057","enterCanal","",""
"DLG_base_base_source_index_html_0177","","","Hinter dir: ein Platschen. Dann nasse Schritte. Dann nichts.","3600","app/mods/_base_source_index.html","5083","canalScare","",""
"DLG_base_base_source_index_html_0178","","","Aus allen Fenstern gleichzeitig: Kinderstimmen, die zählen. „… sechs, sieben, acht.“","4200","app/mods/_base_source_index.html","5084","canalScare","",""
"DLG_base_base_source_index_html_0179","","","Nr. 7. Im Wohnzimmer brennt Licht. Aber niemand bewegt sich.","4500","app/mods/_base_source_index.html","6180","","",""
"DLG_base_base_source_index_html_0180","","","Euer altes Kinderzimmer. Die Spieluhr … spielt.","4500","app/mods/_base_source_index.html","6182","","",""
"DLG_base_base_source_index_html_0181","","","Scheinwerfer. Das ist … Lucys Auto.","4000","app/mods/_base_source_index.html","6183","","",""
"DLG_base_base_source_index_html_0182","","","„Du hast sie rausgelassen“, flüstert sie. Dann lächelt sie. Traurig.","4000","app/mods/_base_source_index.html","6217","","",""
"DLG_albers_0001","","","Die Kette rasselt. Die Tür geht zu. Drinnen ist es still. Kein Hund, der knurrt. Nicht mehr.","4200","app/mods/albers.js","62","albers_talk","",""
"DLG_albers_0002","LARS VEGAS","vegas","„Ich hab gesagt, was ich weiß. Jetzt geh. Und mach die Lampe aus.“","3800","app/mods/albers.js","63","albers_talk","",""
"DLG_albers_0003","","","„Psst! Junge! Hierher. Leise, verdammt!“ – aus dem Türspalt von Nr. 3.","4200","app/mods/albers.js","84","albers_talk","",""
"DLG_albers_0004","LARS VEGAS","vegas","„Wer da? … Der Brandt-Junge. Mach die Lampe aus, verdammt, die gucken.“","4200","app/mods/albers.js","147","albers_k1Klopfen","",""
"DLG_albers_0005","LARS VEGAS","vegas","„Bruno ist weg. Zum Pinkeln raus und nicht wieder rein. Guck bei Reuters, wo das Haus war. Da hat er immer gebuddelt.“","5600","app/mods/albers.js","147","albers_k1Klopfen","",""
"DLG_albers_0006","LARS VEGAS","vegas","„Die Schnalle ist zu. Der ist nicht weggelaufen. Den hat einer rausgehoben. Wie ’ne Katze aus ’nem Pulli.“","5200","app/mods/albers.js","150","albers_k1Klopfen","",""
"DLG_albers_0007","LARS VEGAS","vegas","„Bruno? Dünner? Du hast Bruno nie gesehen.“","3000","app/mods/albers.js","152","albers_k1Klopfen","",""
"DLG_albers_0008","LARS VEGAS","vegas","„Frag lieber, was.“","2200","app/mods/albers.js","152","albers_k1Klopfen","",""
"DLG_albers_0009","LARS VEGAS","vegas","„Unter allem, was beruhigt, steht ‚hw‘. Seit ich denken kann. Ich hab’s in Ordnern.“","4400","app/mods/albers.js","158","albers_k1Klopfen","",""
"DLG_albers_0010","LARS VEGAS","vegas","„So lange schreibt kein Mensch dieselbe Beruhigung. Das ist ’ne Behörde mit Hut.“","4200","app/mods/albers.js","158","albers_k1Klopfen","",""
"DLG_albers_0011","LARS VEGAS","vegas","„Ich hab schon mal Kinder gezählt, Junge. Auf der Kreuzung. Frag nicht, wann.“","4600","app/mods/albers.js","158","albers_k1Klopfen","",""
"DLG_albers_0012","LARS VEGAS","vegas","„Nimm das Hufeisen nie ab, Junge. Frag nicht, warum. Doch, frag. Aber nicht heute.“","4600","app/mods/albers.js","159","albers_k1Klopfen","",""
"DLG_albers_0013","LARS VEGAS","vegas","„Pfandgeld. Ehrlich verdient. Von Bruno.“","2800","app/mods/albers.js","159","albers_k1Klopfen","",""
"DLG_albers_0014","LARS VEGAS","vegas","„Siehste.“","2000","app/mods/albers.js","162","albers_k1Klopfen","",""
"DLG_albers_0015","LARS VEGAS","vegas","„Ich hab gesagt, was ich weiß. Jetzt geh. Und mach die Lampe aus.“","3600","app/mods/albers.js","163","albers_k1Klopfen","",""
"DLG_albers_0016","LARS VEGAS","vegas","„Hast du Bruno gefunden? … Nein. Natürlich nicht. Guck bei Reuters.“","3600","app/mods/albers.js","164","albers_k1Klopfen","",""
"DLG_albers_0017","LUKE","","Wie kommt ein Hund aus einem geschlossenen Halsband?","3400","app/mods/albers.js","170","albers_k1Halsband","",""
"DLG_albers_0018","LARS VEGAS","vegas","„Der passt nicht.“","2200","app/mods/albers.js","206","albers_k3Ordner","",""
"DLG_albers_0019","","","„Dann machen Sie die Kette ab.“","2600","app/mods/albers.js","206","albers_k3Ordner","",""
"DLG_albers_0020","LARS VEGAS","vegas","„Nachts? Bist du bekloppt?“","2600","app/mods/albers.js","206","albers_k3Ordner","",""
"DLG_albers_0021","LARS VEGAS","vegas","„Das ist Beweismaterial!“","2600","app/mods/albers.js","220","albers_k3Bank","",""
"DLG_albers_0022","LARS VEGAS (DRINNEN, LEISE)","vegas","„Junge. Wenn das ein Igel ist, ist das ein großer Igel.“","3600","app/mods/albers.js","224","albers_k3Bank","",""
"DLG_albers_0023","LUKE","","‚Wolter. Ich schreibe für das Blatt hier.‘ … Der schreibt die Beruhigung gleich selber.","5200","app/mods/albers.js","232","albers_k3Daneben","",""
"DLG_amt_0001","TOF","","ON LINE","","app/mods/amt.js","396","amtp_drucker","",""
"DLG_amt_0002","","","Der Nadeldrucker rattert: „{…}“","5200","app/mods/amt.js","439","amt_druckJetzt","",""
"DLG_amt_0003","LAUTSPRECHER","lautsprecher","„{…}“","","app/mods/amt.js","454","amt_band","",""
"DLG_amt_0004","LUKE","","Rückläufer. Wie bei Pfandflaschen.","3000","app/mods/amt.js","622","amt_bauArchiv","",""
"DLG_amt_0005","LUKE","","Der ist seit Jahren in Rente. Ich informiere ihn trotzdem. Herr Sachbearbeiter, es ist dunkel.","4800","app/mods/amt.js","791","amt_bauSicherung","",""
"DLG_amt_0006","LUKE","","Donnerstags. Oma hat immer gesagt, sie muss ‚zum Amt‘. Ich dachte, wegen der Rente.","4600","app/mods/amt.js","881","amt_bauPruef","",""
"DLG_amt_0007","LUKE","","Klar. Natürlich. Was denn sonst.","3000","app/mods/amt.js","949","amt_nummer","",""
"DLG_amt_0008","LUKE","","Die sind hier. Heute Nacht. Und irgendwas ist nicht im Käfig.","3800","app/mods/amt.js","956","amt_ag06","",""
"DLG_amt_0009","","","Notstrom aktiv. Außenstelle Lost Eyengless.","","app/mods/amt.js","965","amt_notstrom","",""
"DLG_amt_0010","LUKE","","Das ist ein Band. Das ist ein Band, das ist eine Schleife, das …","3600","app/mods/amt.js","967","amt_notstrom","",""
"DLG_amt_0011","","","Ja, Luke.","","app/mods/amt.js","968","amt_notstrom","",""
"DLG_amt_0012","TAFEL","","Original B., Luke (Vermessung Frühjahr 2009): starke Spinnenangst.","4200","app/mods/amt.js","977","amt_nachSpinnen","",""
"DLG_amt_0013","TAFEL","","Rückläufer 08 (Sommer 2009): keine Reaktion. Lacht.","3800","app/mods/amt.js","977","amt_nachSpinnen","",""
"DLG_amt_0014","LUKE","","Sie schneidet. Aus seinen Worten. Wie ein Kind, das Erpresserbriefe aus der Zeitung klebt.","4600","app/mods/amt.js","979","amt_nachSpinnen","",""
"DLG_amt_0015","LUKE","","Und ich hab geschrien. Das Original hätte auch geschrien.","3600","app/mods/amt.js","980","amt_nachSpinnen","",""
"DLG_amt_0016","LUKE","","Der hat gerade Beweise vernichtet. Der ist besser eingearbeitet als ich.","4000","app/mods/amt.js","1033","amt_vernichterFertig","",""
"DLG_amt_0017","LUKE","","Richtig gerechnet, falsch herum. Das älteste zuerst.","3400","app/mods/amt.js","1042","amt_zahlenschloss","",""
"DLG_amt_0018","LUKE","","Alle siebzehn Jahre. Von 2009 rückwärts. Und dann das älteste zuerst.","4200","app/mods/amt.js","1042","amt_zahlenschloss","",""
"DLG_amt_0019","LUKE","","Vier Felder, vier Jahre. 2009 minus 17, minus 17, minus 17. Das älteste links.","4200","app/mods/amt.js","1042","amt_zahlenschloss","",""
"DLG_amt_0020","LUKE","","Dasselbe Kleid. Und derselbe Mantel. Die altert nicht, der altert nicht. Sowas gibt’s nur bei Aliens und Beamten.","5200","app/mods/amt.js","1055","amt_regMappen","",""
"DLG_amt_0021","LUKE","","Seit Jahren will die entkalkt werden. Mehr Durchhaltevermögen als ich.","4000","app/mods/amt.js","1064","amt_kaffeeSchreck","",""
"DLG_amt_0022","LUKE","","Die merken sich alles. Dann sollen sie das auch merken.","3400","app/mods/amt.js","1068","amt_kaffeekasse","",""
"DLG_amt_0023","LUKE","","Und einer, der keine Zigarette war. Im Amt. Nachtschicht ist Nachtschicht.","3800","app/mods/amt.js","1070","amt_ascher","",""
"DLG_amt_0024","LUKE","","Drei Punkte. Drei Fächer. Zwei leer, eins durchgestrichen. Ich will nicht wissen, was da drin war. Ich will es wirklich nicht.","5600","app/mods/amt.js","1078","amt_kuehlregal","",""
"DLG_amt_0025","LUKE","","Eins zu siebenundachtzig. Irgendwer hier unten hatte ein Hobby.","3600","app/mods/amt.js","1082","amt_modell","",""
"DLG_amt_0026","LUKE","","Sogar im Modell nimmt Vegas Pfand.","3000","app/mods/amt.js","1083","amt_modell","",""
"DLG_amt_0027","LUKE","","Die bewegt sich, weil ich gucke.","2600","app/mods/amt.js","1095","amt_modellTick","",""
"DLG_amt_0028","LUKE","","… Das ist schlimmer.","2600","app/mods/amt.js","1095","amt_modellTick","",""
"DLG_amt_0029","LUKE","","K-3. Vorgesehen. Wer ist noch so blöd und kommt hierher?","3600","app/mods/amt.js","1102","amt_karteiK","",""
"DLG_amt_0030","LUKE","","Eine Rabenfeder. Hier unten. Der Vogel geht nicht unter die Erde, das hab ich gesehen. Wer hat die hier reingetragen?","5400","app/mods/amt.js","1107","amt_stuhl8","",""
"DLG_amt_0031","LUKE","","Ich hab nie gewusst, wie der Hund hieß.","3400","app/mods/amt.js","1114","amt_akte08","",""
"DLG_amt_0032","","","Willkommen zurück.","","app/mods/amt.js","1158","amt_messraumTick","",""
"DLG_amt_0033","LUKE","","Lucy.","1600","app/mods/amt.js","1159","amt_messraumTick","",""
"DLG_amt_0034","","","Sie atmet. Das Wasser ist warm.","3600","app/mods/amt.js","1160","amt_messraumTick","",""
"DLG_amt_0035","","","Guten Tag. Sie befinden sich in der Außenstelle Lost Eyengless der Bundesstelle für Rückführung. Bitte halten Sie Ihre Einwilligung bereit. Begleitpersonen warten im Wartebereich.","","app/mods/amt.js","1167","amt_regieTick","",""
"DLG_amt_0036","LUKE","","Keine Spieluhr darunter. Das ist sie. Das ist Lucy.","3600","app/mods/amt.js","1171","amt_regieTick","",""
"DLG_amt_0037","","","Die Nachuntersuchung dauert wenige Minuten. Ihr Kind wird gewogen, gemessen und angehört. Es besteht kein Anlass zur Sorge.","","app/mods/amt.js","1176","amt_regieTick","",""
"DLG_amt_0038","","","Wer seine Nummer nicht kennt, wartet bitte, bis er aufgerufen wird. Acht.","","app/mods/amt.js","1177","amt_regieTick","",""
"DLG_amt_0039","","","Die Kantine bittet um Verständnis.","","app/mods/amt.js","1178","amt_regieTick","",""
"DLG_amt_0040","","","Da drin rasselt etwas. Ketten. Und Licht, zu grell für diese Nacht.","3600","app/mods/amt.js","1212","amt_lichtTick","",""
"DLG_amt_0041","LUKE","","Klar. Hab ich auch mal gesagt. Zu einer Stelle in der Stadt, die Nachtschicht hieß.","4600","app/mods/amt.js","1237","amt_akte06","",""
"DLG_anwesen_0001","","","Whiskey hackt dir einmal auf den Handrücken, nicht fest. – „Au. Das ist meins. Das ist ja wohl meins.“","4400","app/mods/anwesen.js","100","anwesen_wrap","",""
"DLG_anwesen_0002","","","Die Klappe vom Briefschlitz geht auf. Etwas Schweres fällt auf die Fußmatte.","3600","app/mods/anwesen.js","112","anwesen_wrap","",""
"DLG_anwesen_0003","VEGAS","vegas","„Seiler, der Doktor. Hat mir das zwanzigachtzehn in die Hand gedrückt. ‚Für den, der fragt.‘“","5200","app/mods/anwesen.js","112","anwesen_wrap","",""
"DLG_anwesen_0004","VEGAS","vegas","„Du fragst. Also nimm.“","2600","app/mods/anwesen.js","112","anwesen_wrap","",""
"DLG_anwesen_0005","","","Die Presse stampft dreimal. Dann liegt da ein Schlüssel, so lang wie deine Hand. Sieben Zähne – und eine Lücke, wo der achte sein müsste.","5600","app/mods/anwesen.js","169","anwesen_press","",""
"DLG_anwesen_0006","","","Von drinnen klopft es zurück. Dreimal. Dann, ganz leise, eine Spieluhr.","4200","app/mods/anwesen.js","186","anwesen_door","",""
"DLG_anwesen_0007","","","Hinter dir fällt die Tür ins Schloss. Acht Riegel. Einer nach dem anderen.","4200","app/mods/anwesen.js","224","anwesen_enterHall","",""
"DLG_anwesen_0008","LUKE","","L. B. Lucy Brandt. Luke Brandt. … Zweitausenddreiundvierzig. Das ist die nächste Nacht.","5600","app/mods/anwesen.js","258","anwesen_buildHall","",""
"DLG_anwesen_0009","","","Du stehst unten, wo die Stufen aufhören, und leuchtest hinauf. Das Licht oben atmet.","4000","app/mods/anwesen.js","396","anwesen_hallEnd","",""
"DLG_anwesen_0010","","","Über dir: Schritte. Kleine. Sie laufen einmal quer über den Flur und bleiben genau über der Treppe stehen.","4600","app/mods/anwesen.js","396","anwesen_hallEnd","",""
"DLG_anwesen_0011","","","Eine Spieluhr, dieselbe Melodie wie auf den Noten in deiner Hand. Und diesmal hörst du, der Tontechniker, dass sie nicht aus einer Spieluhr kommt: Es summt jemand.","6000","app/mods/anwesen.js","397","anwesen_hallEnd","",""
"DLG_anwesen_0012","","","Dann eine Frauenstimme. Ruhig. Sehr weit weg und ganz nah, als stünde jemand im Nebenzimmer eines anderen Jahrhunderts:","4600","app/mods/anwesen.js","398","anwesen_hallEnd","",""
"DLG_anwesen_0013","","","„Noch nicht, Luke. Aber bald.“","3200","app/mods/anwesen.js","398","anwesen_hallEnd","",""
"DLG_anwesen_0014","","","Whiskey, auf dem Geländer der Galerie, dreht den Kopf zum Licht und macht sich klein.","3800","app/mods/anwesen.js","399","anwesen_hallEnd","",""
"DLG_anwesen_0015","LUKE","","Die Stimme kenn ich. Aus dem Traum.","3000","app/mods/anwesen.js","399","anwesen_hallEnd","",""
"DLG_anwesen_0016","LUKE","","Rauch. Von ganz unten. Der Gang brennt noch.","4200","app/mods/anwesen.js","498","anwesen_smokeTick","",""
"DLG_anwesen_0017","LUKE","","Acht. Entweder da drin ist was sehr Wertvolles, oder was, das nicht rauswill.","4200","app/mods/anwesen.js","539","anwesen_f3Schloesser","",""
"DLG_anwesen_0018","LUKE","","Oder beides. Hier ist ja immer beides.","2800","app/mods/anwesen.js","539","anwesen_f3Schloesser","",""
"DLG_anwesen_0019","LUKE","","Ich war nie hier. Und trotzdem weiß ich, wo der Weg langgeht.","3800","app/mods/anwesen.js","546","anwesen_f3Tick","",""
"DLG_ausbau_nord_0001","LUKE","","Ich lieg hier. Seit ich neun bin.","3000","app/mods/ausbau_nord.js","830","ausbau_nord_readKid","",""
"DLG_ausbau_nord_0002","","","{…}. ({…}/7)","2200","app/mods/ausbau_nord.js","831","ausbau_nord_readKid","",""
"DLG_ausbau_nord_0003","MANN VOM AMT?","wolter","„Tief genug?“","2000","app/mods/ausbau_nord.js","843","ausbau_nord_echo","","echo_nord_grab"
"DLG_ausbau_nord_0004","MANN VOM AMT?","wolter","„Für ein Kind reicht es. Er ist ja eins. Ein bisschen.“","3600","app/mods/ausbau_nord.js","843","ausbau_nord_echo","","echo_nord_grab"
"DLG_ausbau_nord_0005","","","Über der Grube schimmert etwas in der Luft.","3600","app/mods/ausbau_nord.js","845","ausbau_nord_echo","",""
"DLG_ausbau_nord_0006","","","… ach–","1200","app/mods/ausbau_nord.js","867","ausbau_nord_counting","",""
"DLG_ausbau_nord_0007","LUKE","","Sieben Namen. Acht Steine.","2600","app/mods/ausbau_nord.js","869","ausbau_nord_counting","",""
"DLG_ausbau_nord_0008","LUKE","","Da fehlt eins.","2200","app/mods/ausbau_nord.js","869","ausbau_nord_counting","",""
"DLG_ausbau_nord_0009","","","{…}. Das Licht brennt. ({…}/7)","2000","app/mods/ausbau_nord.js","881","ausbau_nord_lightCandle","",""
"DLG_ausbau_nord_0010","","","Sieben Lichter. Und ein achtes, das du nicht angezündet hast.","4600","app/mods/ausbau_nord.js","892","ausbau_nord_eighthLight","",""
"DLG_ausbau_nord_0011","","","Bärli sitzt nicht mehr auf der Bank. Er sitzt im Laub. Und sieht dich an.","4200","app/mods/ausbau_nord.js","961","ausbau_nord_tick","",""
"DLG_ausbau_nord_0012","","","Zischen. Türen, die sich öffnen. Da ist kein Bus. Nur Licht.","4200","app/mods/ausbau_nord.js","989","ausbau_nord_busTick","",""
"DLG_ausbau_nord_0013","LUKE","","Wer beschwert eine Plane so ordentlich?","3000","app/mods/ausbau_nord.js","1034","ausbau_nord_f3","",""
"DLG_ausbau_nord_0014","LUKE","","Vorsorge donnerstags. Für was, hat er nicht dazugeschrieben.","3400","app/mods/ausbau_nord.js","1077","ausbau_nord_f3","",""
"DLG_ausbau_nord_0015","LUKE","","… Ich spiel mit einem Teddy Ochs am Berg.","3000","app/mods/ausbau_nord.js","1107","ausbau_nord_ochsTick","",""
"DLG_ausbau_nord_0016","LUKE","","Ich spiel nicht mit einem Teddy Ochs am Berg. Ich bin sechsundzwanzig.","3400","app/mods/ausbau_nord.js","1115","ausbau_nord_ochsTick","",""
"DLG_ausbau_nord_0017","LUKE","","Achtundfünfzig. Fünfundsiebzig. Zweiundneunzig. Zweitausendneun.","4200","app/mods/ausbau_nord.js","1121","ausbau_nord_plakat","",""
"DLG_ausbau_nord_0018","LUKE","","Siebzehn.","1600","app/mods/ausbau_nord.js","1121","ausbau_nord_plakat","",""
"DLG_ausbau_nord_0019","LUKE","","Sieben Lampions. Solange Vorrat reicht.","3000","app/mods/ausbau_nord.js","1121","ausbau_nord_plakat","",""
"DLG_ausbau_nord_0020","LUKE","","Einer ohne Namen. Sechster August. … Das bin ich.","3400","app/mods/ausbau_nord.js","1134","ausbau_nord_messlatte","",""
"DLG_ausbau_ost_west_0001","","","Aus dem Kanister tropft es. Kein Benzin. Wasser. Kalt, wie aus einem Brunnen.","4800","app/mods/ausbau_ost_west.js","395","","",""
"DLG_ausbau_ost_west_0002","","","Der Kanister ist nicht leer. Auf dem Griff, eingeritzt: LUKE.","4200","app/mods/ausbau_ost_west.js","399","","",""
"DLG_ausbau_ost_west_0003","","","*Rauschen*","1400","app/mods/ausbau_ost_west.js","407","","",""
"DLG_ausbau_ost_west_0004","AUTORADIO","radio","„…einunddreißig Komma eins null… wer das hört: nicht über die Sperre…“","3600","app/mods/ausbau_ost_west.js","407","","",""
"DLG_ausbau_ost_west_0005","","","*Klick*","700","app/mods/ausbau_ost_west.js","407","","",""
"DLG_ausbau_ost_west_0006","","","… danke …","2200","app/mods/ausbau_ost_west.js","421","","",""
"DLG_ausbau_ost_west_0007","","","„Hasen … Hasen …“","2600","app/mods/ausbau_ost_west.js","435","","",""
"DLG_ausbau_ost_west_0008","","","… Luke? Bist du das oben?","2600","app/mods/ausbau_ost_west.js","436","","",""
"DLG_ausbau_ost_west_0009","","","Oben in der Villa geht das Licht aus. Dann, auf dem Kiesweg zum Tor: Schritte. Kleine. Viele. Sie gehen nicht zu dir. Sie gehen heim.","6500","app/mods/ausbau_ost_west.js","449","","",""
"DLG_ausbau_ost_west_0010","","","Eine Autotür. Dann nichts mehr. Kein Motor, keine Schritte. Nur der Nebel, der dichter wird.","5000","app/mods/ausbau_ost_west.js","492","","",""
"DLG_ausbau_ost_west_0011","","","Stille. Dann, direkt hinter dem Blech, ein Klopfen. Auf Höhe deines Gesichts.","4200","app/mods/ausbau_ost_west.js","496","","",""
"DLG_ausbau_ost_west_0012","","","Draußen, vor der Stalltür: ein Kichern. Dann rennt etwas Kleines über den Hof.","4200","app/mods/ausbau_ost_west.js","526","","",""
"DLG_ausbau_ost_west_0013","LUKE","","Mike ist rausgegangen.","2400","app/mods/ausbau_ost_west.js","553","ausbau_ost_west_schalter","",""
"DLG_ausbau_ost_west_0014","KINDERSTIMME","luna","„Hallo?“","1800","app/mods/ausbau_ost_west.js","560","ausbau_ost_west_brunnen","",""
"DLG_ausbau_ost_west_0015","","","Stille. Unten ein Plätschern.","2400","app/mods/ausbau_ost_west.js","561","ausbau_ost_west_brunnen","",""
"DLG_ausbau_ost_west_0016","KINDERSTIMME","luna","„Luke.“","1800","app/mods/ausbau_ost_west.js","562","ausbau_ost_west_brunnen","",""
"DLG_ausbau_ost_west_0017","LUKE","","Ich hab Lucy gesagt. Es hat Luke gesagt. Und drunter wieder diese Spieluhr.","4200","app/mods/ausbau_ost_west.js","562","ausbau_ost_west_brunnen","",""
"DLG_ausbau_ost_west_0018","LUKE","","Wer füttert den?","2000","app/mods/ausbau_ost_west.js","628","ausbau_ost_west_f3","",""
"DLG_ausbau_ost_west_0019","LUKE","","Du heißt jetzt Fisch. Das ist wenigstens ehrlich.","3200","app/mods/ausbau_ost_west.js","628","ausbau_ost_west_f3","",""
"DLG_ausbau_ost_west_0020","LUCY","lucy","ZAYN","","app/mods/ausbau_ost_west.js","631","ausbau_ost_west_f3","",""
"DLG_ausbau_ost_west_0021","LUKE","","Gemüse für Kinder, die nicht mehr zum Essen kommen.","3200","app/mods/ausbau_ost_west.js","636","ausbau_ost_west_f3","",""
"DLG_ausbau_ost_west_0022","ROXY","","„Gleich. Ich hab nur noch den Fisch.“","2800","app/mods/ausbau_ost_west.js","639","","","echo_roxy_juni"
"DLG_ausbau_ost_west_0023","","","Stille.","1600","app/mods/ausbau_ost_west.js","646","ausbau_ost_west_antwort","",""
"DLG_ausbau_ost_west_0024","LUKE","","Tontechniker-Regel eins: Wenn du ein Geräusch nicht erklären kannst, hast du das Mikro falsch gestellt. Regel zwei: Es gibt kein Mikro.","6000","app/mods/ausbau_ost_west.js","646","ausbau_ost_west_antwort","",""
"DLG_ausbau_ost_west_0025","LUKE","","Die haben die Lampions eingesammelt. Wie Beweisstücke.","3200","app/mods/ausbau_ost_west.js","651","ausbau_ost_west_kiste","",""
"DLG_ausbau_ost_west_0026","FRAU AYDIN","aydin","„Luke! Lucys Luke! Komm her, du bist dünn.“","3000","app/mods/ausbau_ost_west.js","657","ausbau_ost_west_aydin","",""
"DLG_ausbau_ost_west_0027","FRAU AYDIN","aydin","„Sie ist aus der Klinik weg, oğlum. Sie sagt, sie macht die Augen zu, bis es vorbei ist. Sie ist in der Scheune.“","5600","app/mods/ausbau_ost_west.js","657","ausbau_ost_west_aydin","",""
"DLG_ausbau_ost_west_0028","FRAU AYDIN","aydin","„Das hier ist für sie. Sie isst nichts, was nicht in Alufolie ist.“","3800","app/mods/ausbau_ost_west.js","657","ausbau_ost_west_aydin","",""
"DLG_ausbau_ost_west_0029","FRAU AYDIN","aydin","„Sag nicht ‚wie geht’s‘. Sag, was du siehst. Sie kann nicht sehen, aber sie will wissen.“","4800","app/mods/ausbau_ost_west.js","659","ausbau_ost_west_aydin","",""
"DLG_ausbau_ost_west_0030","FRAU AYDIN","aydin","„Vegas hat auch Alufolie. Der isst sie nicht, der klebt sie an die Tür. Jeder ist irgendwie verrückt hier, ja?“","5200","app/mods/ausbau_ost_west.js","659","ausbau_ost_west_aydin","",""
"DLG_ausbau_ost_west_0031","FRAU AYDIN","aydin","„Die Alufolie bringst du zurück, die ist von meiner Mutter.“","3200","app/mods/ausbau_ost_west.js","661","ausbau_ost_west_aydin","",""
"DLG_ausbau_ost_west_0032","FRAU AYDIN","aydin","„Du hast als Kind bei uns die Fensterbank vollgeschmiert. Mit Kreide. Kreise. Dina hat es dir beigebracht. Oder du ihr.“","5800","app/mods/ausbau_ost_west.js","663","ausbau_ost_west_aydin","",""
"DLG_ausbau_ost_west_0033","FRAU AYDIN","aydin","„Geh zu ihr. Sie ist in der Scheune. Und sag, was du siehst.“","3200","app/mods/ausbau_ost_west.js","664","ausbau_ost_west_aydin","",""
"DLG_ausbau_ost_west_0034","DINA","dina","„Hier. Du Trampel.“","2200","app/mods/ausbau_ost_west.js","671","ausbau_ost_west_dinaFund","",""
"DLG_ausbau_ost_west_0035","DINA","dina","„Zu.“","1200","app/mods/ausbau_ost_west.js","677","ausbau_ost_west_dinaFund","",""
"DLG_ausbau_ost_west_0036","DINA","dina","„Augen zu. Dann siehst du nichts. Dann sieht sie nichts. Fair.“","3800","app/mods/ausbau_ost_west.js","680","ausbau_ost_west_dinaFund","",""
"DLG_ausbau_ost_west_0037","LUKE","","Wer war das?","1600","app/mods/ausbau_ost_west.js","680","ausbau_ost_west_dinaFund","",""
"DLG_ausbau_ost_west_0038","DINA","dina","„Nicht sie. Der Junge. Kommt, wenn keiner guckt.“","3200","app/mods/ausbau_ost_west.js","680","ausbau_ost_west_dinaFund","",""
"DLG_ausbau_ost_west_0039","DINA","dina","„Den Eisernen sieht sie nie. Der schläft da hinten. Manchmal.“","3600","app/mods/ausbau_ost_west.js","680","ausbau_ost_west_dinaFund","",""
"DLG_ausbau_ost_west_0040","DINA","dina","„Die Kreise sind von unten.“","2200","app/mods/ausbau_ost_west.js","682","ausbau_ost_west_dinaFund","",""
"DLG_ausbau_ost_west_0041","LUKE","","Sieht aus wie Spiegeleier am Stiel.","2400","app/mods/ausbau_ost_west.js","682","ausbau_ost_west_dinaFund","",""
"DLG_ausbau_ost_west_0042","DINA","dina","„Du auch.“","1400","app/mods/ausbau_ost_west.js","682","ausbau_ost_west_dinaFund","",""
"DLG_ausbau_ost_west_0043","DINA","dina","„Ich hab die Transporter gesehen. Sieben Sitze. Ich zähl nicht gern. Ich hab trotzdem gezählt.“","4600","app/mods/ausbau_ost_west.js","683","ausbau_ost_west_dinaFund","",""
"DLG_ausbau_ost_west_0044","LUKE","","Jemand, der ein Schwert schärft. In Dinas Scheune. Ich frag Frau Aydın lieber nicht.","4200","app/mods/ausbau_ost_west.js","687","ausbau_ost_west_lager","",""
"DLG_ausbau_ost_west_0045","LUKE","","Roxy hat ihr eigenes Haus angezündet.","3000","app/mods/ausbau_ost_west.js","692","ausbau_ost_west_roxyHeft","",""
"DLG_ausbau_ost_west_0046","LUKE","","Mit Lampe rennt sie weg.","2600","app/mods/ausbau_ost_west.js","714","ausbau_ost_west_f3Tick","",""
"DLG_ausbau_ost_west_0047","LUKE","","Ohne Lampe summt sie. Hört man, woher?","3000","app/mods/ausbau_ost_west.js","714","ausbau_ost_west_f3Tick","",""
"DLG_ausbau_ost_west_0048","LUKE","","Rechts von mir. Nah.","2400","app/mods/ausbau_ost_west.js","714","ausbau_ost_west_f3Tick","",""
"DLG_ausbau_ost_west_0049","DINA","dina","„Wärmer.“","1600","app/mods/ausbau_ost_west.js","714","ausbau_ost_west_f3Tick","",""
"DLG_beobachter_0001","","","Gefaltet. Ordentlich. Wer faltet Bonbonpapier? Grundschullehrer. Und … das hier.","4200","app/mods/beobachter.js","673","beob_bonbonPapier","",""
"DLG_beutel_0001","UNTERSUCHEN","","untersuchen","","app/mods/beutel.js","134","beutel_aktionen","",""
"DLG_beutel_0002","KOMBINIEREN","","kombi","","app/mods/beutel.js","135","beutel_aktionen","",""
"DLG_beutel_0003","HEBEN","","kamera","","app/mods/beutel.js","136","beutel_aktionen","",""
"DLG_beutel_0004","AUFSCHLAGEN","","album","","app/mods/beutel.js","137","beutel_aktionen","",""
"DLG_beutel_0005","UNTERSUCHEN","","untersuchen","","app/mods/beutel.js","139","beutel_aktionen","",""
"DLG_beutel_0006","IN DIE LAMPE","","reload","","app/mods/beutel.js","139","beutel_aktionen","",""
"DLG_beutel_0007","KOMBINIEREN","","kombi","","app/mods/beutel.js","139","beutel_aktionen","",""
"DLG_beutel_0008","EINE ABLEGEN","","ablegen","","app/mods/beutel.js","139","beutel_aktionen","",""
"DLG_beutel_0009","EINS ABLEGEN","","ablegen","","app/mods/beutel.js","140","beutel_aktionen","",""
"DLG_beutel_0010","KOMBINIEREN","","kombi","","app/mods/beutel.js","141","beutel_aktionen","",""
"DLG_beutel_0011","NACHFÜLLEN","","nachfuellen","","app/mods/beutel.js","142","beutel_aktionen","",""
"DLG_beutel_0012","KOMBINIEREN","","kombi","","app/mods/beutel.js","142","beutel_aktionen","",""
"DLG_beutel_0013","KOMBINIEREN","","kombi","","app/mods/beutel.js","143","beutel_aktionen","",""
"DLG_beutel_0014","KNICKEN","","waermer","","app/mods/beutel.js","144","beutel_aktionen","",""
"DLG_cleo_0001","LUKE","","Das war größer. Oder ich war kleiner. Eins von beiden ist gelogen.","3600","app/mods/cleo.js","84","cleo_climb","",""
"DLG_cleo_0002","","","Du zählst die Kronkorken mit dem Finger nach. Acht. Einer ohne Buchstaben.","3600","app/mods/cleo.js","95","cleo_chest","",""
"DLG_cleo_0003","","","Du schreibst ihren Namen. C – L – E – O. Die Kreide kratzt über den Stein. Er nimmt sie an.","4800","app/mods/cleo.js","111","cleo_end","",""
"DLG_cleo_0004","","","Neben dem Stein steht ein Mädchen. Acht, vielleicht. Rote Zöpfe. Sie liest ihren Namen. Dann sieht sie dich an – und lächelt.","5800","app/mods/cleo.js","115","cleo_end","",""
"DLG_cleo_0005","CLEO","","„Wiederholen ist gestohlen“, sagt sie. „Du hast mich zurückgestohlen.“","4600","app/mods/cleo.js","115","cleo_end","",""
"DLG_cleo_0006","LUKE","","Wiederholen ist gestohlen. Dann stehl ich sie eben zweimal.","3600","app/mods/cleo.js","137","cleo_kreis","",""
"DLG_fassaden_0001","","","Hinter dem Vorhang steht jemand.","2800","app/mods/fassaden.js","705","","",""
"DLG_fassaden_0002","","","Euer altes Kinderzimmer. Das Nachtlicht brennt.","2800","app/mods/fassaden.js","711","","",""
"DLG_fassaden_0003","","","Es brennt, seit ihr ausgezogen seid. Jemand wechselt die Birne.","3400","app/mods/fassaden.js","711","","",""
"DLG_fassaden_0004","","","Hinter dem Vorhang spielt ein Radio. Kein Sender – nur Atmen.","3200","app/mods/fassaden.js","713","","",""
"DLG_fassaden_0005","","","Auf der Skala: 31,10.","2400","app/mods/fassaden.js","713","","",""
"DLG_fassaden_0006","","","Ein gedeckter Tisch. Acht Teller, acht Gläser.","2800","app/mods/fassaden.js","714","","",""
"DLG_fassaden_0007","","","Alle Stühle sind zum Fenster gedreht. Zu dir.","3200","app/mods/fassaden.js","714","","",""
"DLG_fassaden_0008","","","Zwischen den Brettern: ein leeres Zimmer.","2600","app/mods/fassaden.js","716","","",""
"DLG_fassaden_0009","","","An jeder Wand Striche, in Fünfergruppen. Tausende. Die letzte Gruppe hat nur drei.","3800","app/mods/fassaden.js","716","","",""
"DLG_fassaden_0010","","","Unter dem Tor: kalte Luft, Ölgeruch.","2600","app/mods/fassaden.js","718","","",""
"DLG_fassaden_0011","","","Etwas Kleines wird langsam ins Dunkle zurückgezogen. Ein Kinderschuh?","3600","app/mods/fassaden.js","718","","",""
"DLG_fassaden_0012","","","Unten brennt eine Kerze. Daneben ein Kinderstuhl.","2800","app/mods/fassaden.js","722","","",""
"DLG_fassaden_0013","","","Er ist zur Wand gedreht. Wie zur Strafe.","3000","app/mods/fassaden.js","722","","",""
"DLG_fassaden_0014","","","Aus dem Kellerfenster zieht kalte Luft.","2400","app/mods/fassaden.js","723","","",""
"DLG_fassaden_0015","","","Unten zählt jemand. Leise. Er ist bei dreihundertzwölf.","3400","app/mods/fassaden.js","723","","",""
"DLG_feuer_0001","","","Du schlägst die Scheibe ein. Irgendwo springt eine Sirene an.","2800","app/mods/feuer.js","368","feuer_notAlarm","",""
"DLG_feuer_0002","LUKE","","M. … Marion. Das ist Mamas Schrift. Sie hat es ihm geschenkt, und er hatte es die ganze Zeit hier unten.","5600","app/mods/feuer.js","433","feuer_takeLighter","",""
"DLG_feuer_0003","","","Du wirfst dich gegen das Fass. Es kippt.","2200","app/mods/feuer.js","445","feuer_knock","",""
"DLG_feuer_0004","","","Er liegt im Öl. Das Feuerzeug in deiner Tasche wiegt plötzlich schwer.","3600","app/mods/feuer.js","504","feuer_zombieUpdate","",""
"DLG_feuer_0005","LUKE","","Öl. Überall Öl. Wenn ich jetzt Feuer hätte …","3000","app/mods/feuer.js","504","feuer_zombieUpdate","",""
"DLG_feuer_0006","","","Er steht wieder auf. Das Öl tropft von ihm.","2800","app/mods/feuer.js","507","feuer_zombieUpdate","",""
"DLG_feuer_0007","","","Das Feuerzeug. Der Daumen findet das Rad von allein.","2600","app/mods/feuer.js","584","feuer_ignite","",""
"DLG_feuer_0008","","","Die Flamme reißt ab. Er bewegt sich.","2400","app/mods/feuer.js","586","feuer_ignite","",""
"DLG_feuer_0009","","","Die Flamme läuft über das Öl. Er sieht sie kommen.","2600","app/mods/feuer.js","602","feuer_ignite","",""
"DLG_feuer_0010","","","Um sein Handgelenk schmilzt ein Plastikband: KRANZ, P.","3800","app/mods/feuer.js","603","feuer_ignite","",""
"DLG_feuer_0011","LUKE","","Onkel Peter …?","2400","app/mods/feuer.js","604","feuer_ignite","",""
"DLG_feuer_0012","LAUTSPRECHER","lautsprecher","„Brandalarm. Ebene minus zwei. Brandschutztüren schließen.“","3400","app/mods/feuer.js","626","feuer_escapeStart","",""
"DLG_feuer_0013","LUKE","","Die Tür ist zu. Irgendwo hier muss man sie aufkriegen.","3200","app/mods/feuer.js","627","feuer_escapeStart","",""
"DLG_feuer_0014","LUKE","","Die rote Leuchte. Die Notentriegelung.","2800","app/mods/feuer.js","628","feuer_escapeStart","",""
"DLG_feuer_0015","LUKE","","Nicht einatmen. Nicht …","2200","app/mods/feuer.js","629","feuer_escapeStart","",""
"DLG_feuer_0016","LUKE","","Nicht hier unten. Nicht so wie er.","2800","app/mods/feuer.js","630","feuer_escapeStart","",""
"DLG_feuer_0017","LUKE","","Kalte Luft!","1600","app/mods/feuer.js","655","feuer_escapeUpdate","",""
"DLG_feuer_0018","","","Hinter der Tür knistert es. Dann nichts mehr.","3400","app/mods/feuer.js","673","feuer_escaped","",""
"DLG_feuer_0019","LUKE","","Ich hab ihn angezündet. Mamas Bruder. Mit dem Feuerzeug, das sie ihm geschenkt hat.","4800","app/mods/feuer.js","674","feuer_escaped","",""
"DLG_feuer_0020","","","Hinter dir, an der Osttür: ein Riegel. Er springt auf. Als hätte jemand gewartet, bis du es hast.","4600","app/mods/feuer.js","691","feuer_cellDoor","",""
"DLG_feuer_0021","LUKE","","Es klemmt!","1400","app/mods/feuer.js","735","feuer_reset","",""
"DLG_feuer_0022","LUKE","","Das Öl liegt noch da. Das Feuerzeug auch.","2800","app/mods/feuer.js","748","feuer_reset","",""
"DLG_feuer_0023","LUKE","","Locke ihn zurück ins Öl – oder schlag an der Brandschutztür Alarm.","4200","app/mods/feuer.js","749","feuer_reset","",""
"DLG_feuer_0024","LUKE","","Das Feuerzeug.","1600","app/mods/feuer.js","751","feuer_reset","",""
"DLG_feuer_0025","LUKE","","Zu! Die Tür ist zu! „Nur bei Brandalarm“ …","2600","app/mods/feuer.js","758","feuer_reset","",""
"DLG_feuer_0026","","","Er rutscht im Öl weg. Noch einmal.","2200","app/mods/feuer.js","761","feuer_reset","",""
"DLG_feuer_0027","PETER","peter","{…}lauern","","app/mods/feuer.js","1197","pz_klangTick","",""
"DLG_feuer_0028","","","Er drückt fester. Die Luft geht aus.","2000","app/mods/feuer.js","1217","pz_qteLos","",""
"DLG_feuer_0029","","","Ihr taumelt am Fass vorbei. Noch einmal!","1800","app/mods/feuer.js","1224","pz_qteFass","",""
"DLG_feuer_0030","PETER","peter","„Bruder.“","1600","app/mods/feuer.js","1276","pz_griffOhneKino","",""
"DLG_gedanken_0001","","","katze","","app/mods/gedanken.js","249","gedanken_umsehen","",""
"DLG_gedanken_0002","","","katze","","app/mods/gedanken.js","249","gedanken_umsehen","",""
"DLG_gedanken_0003","","","katze","","app/mods/gedanken.js","251","gedanken_umsehen","",""
"DLG_gedanken_0004","","","katze","","app/mods/gedanken.js","251","gedanken_umsehen","",""
"DLG_gedanken_0005","","","laterne","","app/mods/gedanken.js","255","nr9","",""
"DLG_gedanken_0006","","","tuer","","app/mods/gedanken.js","356","gedanken_umsehen","",""
"DLG_gedanken_0007","","","batterie","","app/mods/gedanken.js","357","gedanken_umsehen","",""
"DLG_geheimnisse_0001","LUKE","","„Das ist kein Netzbrummen. Das ist ein Ton, den ich noch nie gemischt hab. Und ihr zwei macht ihn zusammen.“","5600","app/mods/geheimnisse.js","129","geheimnisse_rh10","",""
"DLG_geheimnisse_0002","JUSTIN","justin","„Der fällt von ihr ab, wenn es aufgeht.“","3600","app/mods/geheimnisse.js","129","geheimnisse_rh10","",""
"DLG_geheimnisse_0003","LUKE","","„Und deine Rüstung?“","2400","app/mods/geheimnisse.js","129","geheimnisse_rh10","",""
"DLG_geheimnisse_0004","JUSTIN","justin","„Auch.“","2400","app/mods/geheimnisse.js","130","geheimnisse_rh10","",""
"DLG_geheimnisse_0005","LUKE","","Du stehst nur auf Sachen, die leuchten. Ich kenn Leute wie dich.","3800","app/mods/geheimnisse.js","146","geheimnisse_whiskeyTick","",""
"DLG_geheimnisse_0006","","","Da. Im Dunkeln. Am Boden glimmt etwas – als hätte es nur gewartet, bis du das Licht ausmachst.","5000","app/mods/geheimnisse.js","185","geheimnisse_totem","",""
"DLG_geheimnisse_0007","LUKE","","Ein Gestell aus Ästen, oben ein Teddy. Kinder haben sowas gebaut, wenn sie gezählt haben, wer noch da ist.","5200","app/mods/geheimnisse.js","190","geheimnisse_totem","",""
"DLG_gruen_0001","LUKE","","Heißen hier alle Hunde Bruno?","2600","app/mods/gruen.js","626","gruen_wildBau","",""
"DLG_gruen_0002","LUKE","","Forbidden Dustwoods. Weil jemand zu faul für eine Übersetzung war.","3600","app/mods/gruen.js","627","gruen_wildBau","",""
"DLG_gruen_0003","LUKE","","„Hallo?“","1200","app/mods/gruen.js","635","gruen_rufen","",""
"DLG_gruen_0004","","","Nichts. Kein Echo, kein Nachklang.","2600","app/mods/gruen.js","636","gruen_rufen","",""
"DLG_gruen_0005","LUKE","","Kein Hall. Nicht mal ein bisschen. Ein Wald hat immer Hall. Das hier ist ein schalltoter Raum mit Bäumen.","5200","app/mods/gruen.js","636","gruen_rufen","",""
"DLG_hervorhebung_0001","LUKE","","Da hängt ein Licht in der Luft. Blau. Wie ein Nachbild, wenn man zu lange in eine Lampe gesehen hat.","4600","app/mods/hervorhebung.js","157","hl_nachbild","",""
"DLG_hervorhebung_0002","LUKE","","Da liegt ein Schimmer drum. Als wollte es gefunden werden.","3600","app/mods/hervorhebung.js","197","hl_legende","",""
"DLG_hungrige_0001","LUKE","","Hey. Hey! Das ist seine Spur!","2400","app/mods/hungrige.js","204","hungrige_kadaver","",""
"DLG_hungrige_0002","LUKE","","Keine Spieluhr. Das ist nicht sie. Das ist nicht mal das Graukind.","3600","app/mods/hungrige.js","206","hungrige_kadaver","",""
"DLG_hungrige_0003","FUNK · 31,10 MHz","funk_blechmann","*Rauschen* „… Bergung drei … wir haben es … es steht auf wie ein –“","3400","app/mods/hungrige.js","240","","",""
"DLG_hungrige_0004","FUNK · 31,10 MHz","funk_blechmann","„… Hofer? Hofer, was ist mit deinem Gesicht –“","3000","app/mods/hungrige.js","241","","",""
"DLG_hungrige_0005","LUKE","","Er hat sie alle gefressen und keinen richtig verdaut.","3400","app/mods/hungrige.js","271","","",""
"DLG_hungrige_0006","LUKE","","Geschält. Vegas hat das gesagt. Wie ’ne Kartoffel.","3200","app/mods/hungrige.js","289","","",""
"DLG_hungrige_0007","LUKE","","Whiskey. … Du bist mir nachgeflogen.","2400","app/mods/hungrige.js","365","hungrige_finaleRun","",""
"DLG_hungrige_0008","LUKE","","… Zwei. Da sind zwei.","2200","app/mods/hungrige.js","374","hungrige_finaleRun","",""
"DLG_hungrige_0009","","","Krallen. Gewicht. Warm.","2200","app/mods/hungrige.js","379","hungrige_finaleRun","",""
"DLG_hungrige_0010","","","Kein Gewicht. Kalt.","1800","app/mods/hungrige.js","381","hungrige_finaleRun","",""
"DLG_hungrige_0011","LUKE","","Der linke atmet nicht. … Der linke hat noch nie geatmet. … Ich wusste es. Der Ring.","3200","app/mods/hungrige.js","390","hungrige_finaleRun","",""
"DLG_hungrige_0012","LUKE","","Nein. Nein, nein –","1800","app/mods/hungrige.js","411","hungrige_finaleRun","",""
"DLG_hungrige_0013","LUKE","","Kalt. Kerzengerade. Wie Mamas Kerze.","3200","app/mods/hungrige.js","435","","",""
"DLG_hungrige_0014","LUKE","","Er hat ihn vertrieben. Nicht ich. Er.","2800","app/mods/hungrige.js","438","","",""
"DLG_innen_kapitel_0001","ZYKLUS 2009","","RÜCKLÄUFER","","app/mods/innen_kapitel.js","106","r","",""
"DLG_innen_ort_0001","","","*Rauschen*","1500","app/mods/innen_ort.js","224","","",""
"DLG_innen_ort_0002","","","Die Skala steht auf 31,10. Jemand hat den Knopf mit Klebeband festgeklebt.","3600","app/mods/innen_ort.js","224","","",""
"DLG_innen_ort_0003","RADIO","radio","„… drei … eins … drei …“","2600","app/mods/innen_ort.js","224","","",""
"DLG_innen_ort_0004","RADIO","radio","„… sieben … und eins …“","2600","app/mods/innen_ort.js","224","","",""
"DLG_innen_ort_0005","","","*Klick*","800","app/mods/innen_ort.js","224","","",""
"DLG_innen_ort_0006","","","Die Puppe sitzt jetzt auf dem Bett. Eben lag sie noch im Kinderbett.","4200","app/mods/innen_ort.js","595","","",""
"DLG_justin_0001","LUKE","","Der guckt mich an, als hätte er mich schon mal verloren.","3600","app/mods/justin.js","29","","",""
"DLG_justin_0002","LUKE","","Ein Ritter. Um drei Uhr nachts. Und ich frage mich ernsthaft, ob er die Ahornstraße kennt.","4600","app/mods/justin.js","40","","",""
"DLG_justin_0003","LUKE","","Nicht Justin. Nur einer, der sich für ihn hält.","2800","app/mods/justin.js","78","","",""
"DLG_justin_0004","LUKE","","Luna. Am Ostende hat vorhin einer was in den Nebel gerufen. Ich hab ‚Lucy‘ gehört. Weil ich ‚Lucy‘ hören wollte.","5200","app/mods/justin.js","90","","",""
"DLG_justin_0005","LUKE","","Sie sieht ihn nicht. Er steht direkt da. Irgendwas an ihm ist für sie nicht da.","4400","app/mods/justin.js","130","","",""
"DLG_justin_0006","DAS KIND","luna","„Papa? … Papa, du mogelst wieder.“","3400","app/mods/justin.js","131","","",""
"DLG_justin_0007","DAS KIND","luna","„Noch eine Runde.“","2400","app/mods/justin.js","131","","",""
"DLG_justin_0008","DAS KIND","luna","„Eins.“","1400","app/mods/justin.js","131","","",""
"DLG_justin_0009","DAS KIND","luna","„Zwei.“","1400","app/mods/justin.js","131","","",""
"DLG_justin_0010","DAS KIND","luna","„Drei.“","1600","app/mods/justin.js","131","","",""
"DLG_justin_0011","","","Am Ende der Straße fällt Licht vom Himmel. Weiß. Lautlos.","3800","app/mods/justin.js","414","justin_ankunft","",""
"DLG_justin_0012","","","Jemand tritt aus dem Licht. Groß. Platten, die matt schimmern, nicht wie Stahl, eher wie nasser Schiefer. Metall schabt auf Metall.","4800","app/mods/justin.js","420","justin_ankunft","",""
"DLG_justin_0013","","","ank1","","app/mods/justin.js","424","justin_ankunft","",""
"DLG_justin_0014","","","ank2","","app/mods/justin.js","426","justin_ankunft","",""
"DLG_justin_0015","","","ank3","","app/mods/justin.js","427","justin_ankunft","",""
"DLG_justin_0016","","","peter1","","app/mods/justin.js","431","justin_ankunft","",""
"DLG_justin_0017","","","peter2","","app/mods/justin.js","431","justin_ankunft","",""
"DLG_justin_0018","","","riegel1","","app/mods/justin.js","433","justin_ankunft","",""
"DLG_justin_0019","","","riegel2","","app/mods/justin.js","433","justin_ankunft","",""
"DLG_justin_0020","","","herz","","app/mods/justin.js","442","justin_pflicht","",""
"DLG_justin_0021","","","naeher","","app/mods/justin.js","443","justin_pflicht","",""
"DLG_justin_0022","","","pflicht1","","app/mods/justin.js","444","justin_pflicht","",""
"DLG_justin_0023","","","pflicht2","","app/mods/justin.js","444","justin_pflicht","",""
"DLG_justin_0024","","","pflicht3","","app/mods/justin.js","444","justin_pflicht","",""
"DLG_justin_0025","","","Das Telefon an der Kreuzung klingelt.","3200","app/mods/justin.js","448","justin_pflicht","",""
"DLG_justin_0026","","","Justin nickt. Er greift an die Schnallen der Brustplatte und zieht. Die Platte gibt nicht nach.","4200","app/mods/justin.js","490","justin_antwort","",""
"DLG_justin_0027","","","Unter dem Rand der Platte ist die Haut grau, glatt, ohne Linien.","3600","app/mods/justin.js","490","justin_antwort","",""
"DLG_justin_0028","","","Justin sieht auf die Stühle. Auf Zayn, der Bruno festhält.","3400","app/mods/justin.js","492","justin_antwort","",""
"DLG_justin_0029","","","Justin sieht dich lange an. Zum ersten Mal richtig.","3400","app/mods/justin.js","494","justin_antwort","",""
"DLG_justin_0030","","","{…}letzt","","app/mods/justin.js","497","justin_antwort","",""
"DLG_justin_0031","","","Er löst den Lederriemen von seinem linken Arm und drückt ihn dir in die Hand.","3600","app/mods/justin.js","499","justin_antwort","",""
"DLG_justin_0032","","","Er zieht aus der Tasche am Gürtel den zweiten Schokoriegel, halb gegessen, ordentlich in Silberpapier gefaltet.","4400","app/mods/justin.js","500","justin_antwort","",""
"DLG_justin_0033","","","Er löst die stumpfe Schnalle von seinem Gürtel und legt sie dir in die linke Hand, genau auf die Narbe.","4200","app/mods/justin.js","501","justin_antwort","",""
"DLG_justin_0034","","","{…}geschenk","","app/mods/justin.js","503","justin_antwort","",""
"DLG_justin_0035","","","{…}geschenk2","","app/mods/justin.js","503","justin_antwort","",""
"DLG_justin_0036","","","rhJa","","app/mods/justin.js","505","justin_antwort","",""
"DLG_justin_0037","","","Er bricht einen losen Flicken von der Innenseite des rechten Armschutzes, so groß wie eine Münze.","3800","app/mods/justin.js","505","justin_antwort","",""
"DLG_justin_0038","","","rhFlicken","","app/mods/justin.js","506","justin_antwort","",""
"DLG_justin_0039","","","Justin lässt deine Hand los. Erst jetzt.","3000","app/mods/justin.js","512","justin_runde","",""
"DLG_justin_0040","","","naeher","","app/mods/justin.js","673","justin_augen","",""
"DLG_justin_0041","","","hinauf","","app/mods/justin.js","674","justin_augen","",""
"DLG_justin_0042","","","wise3","","app/mods/justin.js","678","justin_augen","",""
"DLG_justin_0043","","","wise5","","app/mods/justin.js","679","justin_augen","",""
"DLG_justin_0044","","","wise5b","","app/mods/justin.js","680","justin_augen","",""
"DLG_justin_0045","","","wise6","","app/mods/justin.js","682","justin_augen","",""
"DLG_justin_0046","","","glocke","","app/mods/justin.js","684","justin_augen","",""
"DLG_kapitel1_0001","LUKE","","Sie war eben noch hier.","2600","app/mods/kapitel1.js","165","kapitel1_welt","",""
"DLG_kapitel1_0002","BLEIBT ZU.","","KELLER","","app/mods/kapitel1.js","176","kapitel1_welt","",""
"DLG_kapitel1_0003","LUKE","","Wer legt Batterien in ein Dreieck? … Danke, wer immer du bist.","4200","app/mods/kapitel1.js","185","","",""
"DLG_kapitel1_0004","LUKE","","Oma.","2200","app/mods/kapitel1.js","200","","",""
"DLG_kapitel1_0005","LUKE","","Wie schnallt man jemanden fest, der nicht da ist?","3600","app/mods/kapitel1.js","227","kapitel1_polaAnsehen","",""
"DLG_kapitel1_0006","","","… Lu–?","2400","app/mods/kapitel1.js","268","kapitel1_ostTick","",""
"DLG_kapitel1_0007","LUKE","","„… Lucy?“ Hat der gerade Lucy gerufen? … Wer steht nachts am Straßenende und ruft nach meiner Schwester?","5600","app/mods/kapitel1.js","268","kapitel1_ostTick","",""
"DLG_kapitel1_0008","LUKE","","Wohnst du hier? Ich hab einen Schlüssel, du nicht.","3400","app/mods/kapitel1.js","280","kapitel1_briefkasten","",""
"DLG_kapitel1_0009","LUKE","","Aua. Peter. Du bist ja ein Charmeur.","3000","app/mods/kapitel1.js","287","kapitel1_katzenTick","",""
"DLG_kapitel1_0010","LUKE","","Netzbrummen, fünfzig Hertz. Sauber. Wenigstens der Strom funktioniert hier noch.","4200","app/mods/kapitel1.js","304","kapitel1_tvTick","",""
"DLG_kapitel1_0011","HILDE","hilde","„Nicht du.“","2400","app/mods/kapitel1.js","314","kapitel1_nichtDu","",""
"DLG_kapitel1_0012","LUKE","","Die Alte hat Kinderfüße?","2800","app/mods/kapitel1.js","318","kapitel1_nichtDu","",""
"DLG_kapitel1_0013","LUCY?","lucy","„Gro–“","700","app/mods/kapitel1.js","338","kapitel1_kpPress","",""
"DLG_kapitel1_0014","LUCY?","lucy","„Du kannst das, Großer.“","2800","app/mods/kapitel1.js","341","kapitel1_kpPress","",""
"DLG_kapitel1_0015","LUKE","","Es lauscht.","2200","app/mods/kapitel1.js","342","kapitel1_kpPress","",""
"DLG_kapitel1_0016","","","… nicht … raten …","1800","app/mods/kapitel1.js","355","kapitel1_scareKellertuer","",""
"DLG_kapitel1_0017","LUKE","","Wer hämmert denn auf ein Tastenfeld?","2600","app/mods/kapitel1.js","363","kapitel1_kpTick","",""
"DLG_kapitel1_0018","LUKE","","… Ach so. Von innen.","2600","app/mods/kapitel1.js","363","kapitel1_kpTick","",""
"DLG_kapitel1_0019","LUCY?","lucy","„Luke? Luke, bist du das? Mach auf. Bitte.“","3600","app/mods/kapitel1.js","371","kapitel1_stimme","",""
"DLG_kapitel1_0020","LUCY?","lucy","„Es ist so dunkel hier. Großer, mach auf.“","3600","app/mods/kapitel1.js","372","kapitel1_stimme","",""
"DLG_kapitel1_0021","LUKE","","Beton. Und … Sommer? Es riecht nach Sommer.","3600","app/mods/kapitel1.js","381","kapitel1_enterBasement","",""
"DLG_kapitel1_0022","LUKE","","Ich hab nie gemalt. Ich hab nicht mal in der Schule gemalt.","3800","app/mods/kapitel1.js","383","kapitel1_wand","",""
"DLG_kapitel1_0023","","","*Rauschen. Fingernägel kratzen am Mikrofon.*","2200","app/mods/kapitel1.js","391","kapitel1_band","",""
"DLG_kapitel1_0024","LUCY · TONBAND","lucy","„Hey, Großer. Ich weiß jetzt, was im Sommer 2009 passiert ist. Nicht nur, dass. Was.“","4600","app/mods/kapitel1.js","391","kapitel1_band","",""
"DLG_kapitel1_0025","LUCY · TONBAND","lucy","„Wir waren weg. Sieben Kinder. Ich. Und du auch.“","3800","app/mods/kapitel1.js","391","kapitel1_band","",""
"DLG_kapitel1_0026","LUCY · TONBAND","lucy","„Hilde hat mir alles gezeigt. Sie zählt nachts. Sie sagt, es sind immer acht.“","4400","app/mods/kapitel1.js","391","kapitel1_band","",""
"DLG_kapitel1_0027","","","*Knacken. Räuspern.*","1800","app/mods/kapitel1.js","391","kapitel1_band","",""
"DLG_kapitel1_0028","LUCY · TONBAND","lucy","„Sie haben uns zurückgebracht. Aber nicht alles von uns.“","4200","app/mods/kapitel1.js","395","kapitel1_band","",""
"DLG_kapitel1_0029","LUCY · TONBAND","lucy","„Wenn du das hörst, bin ich schon wieder weg. Fahr heim, Großer. Frag Hilde nichts. Frag niemanden. Fahr heim.“","6200","app/mods/kapitel1.js","395","kapitel1_band","",""
"DLG_kapitel1_0030","","","*Klick. Bandende.*","1500","app/mods/kapitel1.js","395","kapitel1_band","",""
"DLG_kapitel1_0031","LUKE","","Irgendwas ist gerade an mir vorbei die Treppe hoch. Und ich hab ihm die Tür aufgemacht.","5200","app/mods/kapitel1.js","398","kapitel1_band","",""
"DLG_kapitel1_0032","LUCY?","lucy","„… danke, Luke …“","2600","app/mods/kapitel1.js","405","kapitel1_danke","",""
"DLG_kapitel1_0033","LUKE","","Der Vogel ist still. Seit ich hier bin, war der nie still.","4200","app/mods/kapitel1.js","428","kapitel1_obenTick","",""
"DLG_kapitel1_0034","LUKE","","Netzbrummen. Fünfzig Hertz. Nur dass hier gerade kein Strom ist. Super. Ganz toll.","4600","app/mods/kapitel1.js","438","kapitel1_ausfall","",""
"DLG_kapitel1_0035","HILDE","hilde","„Luke.“","2200","app/mods/kapitel1.js","457","kapitel1_ausTick","",""
"DLG_kapitel1_0036","LUKE","","Die Laternen brummen in Moll. Ich muss dringend schlafen.","3800","app/mods/kapitel1.js","470","kapitel1_humTick","",""
"DLG_kapitel1_0037","LUKE","","Unter der Erde sieht sie mich nicht. Hat Hilde geschrien. Hinter die Bilder. Lucy.","5200","app/mods/kapitel1.js","540","kapitel1_kellerEnde","",""
"DLG_kapitel1_0038","","","Die Wand gibt nach. Dahinter ist kein Keller mehr. Ein Gang – älter als das Haus.","4800","app/mods/kapitel1.js","554","kapitel1_ende","",""
"DLG_kapitel1_0039","","","Es wird hell, ohne dass die Nacht etwas getan hätte.","4200","app/mods/kapitel1.js","560","kapitel1_heim","",""
"DLG_kapitel1_0040","","","Der Bus kommt. Leer bis auf den Fahrer, der nichts fragt.","4200","app/mods/kapitel1.js","562","kapitel1_heim","",""
"DLG_kapitel3_0001","","","Scheiße.","1400","app/mods/kapitel3.js","57","kapitel3_kuhUntersuchen","",""
"DLG_kapitel3_0002","","","Scheiße.","1400","app/mods/kapitel3.js","58","kapitel3_kuhUntersuchen","",""
"DLG_kapitel3_0003","","","Scheiße.","1600","app/mods/kapitel3.js","59","kapitel3_kuhUntersuchen","",""
"DLG_kapitel3_0004","","","Das ist mein Wort. Such dir ein eigenes.","2800","app/mods/kapitel3.js","60","kapitel3_kuhUntersuchen","",""
"DLG_kapitel3_0005","LUCYS STIMME","lucy","„Haus Nummer sieben. Der Keller.“","3000","app/mods/kapitel3.js","86","kapitel3_telefon","",""
"DLG_kapitel3_0006","","","Das ist der Anruf, der mich hergeholt hat. Wort für Wort.","3200","app/mods/kapitel3.js","86","kapitel3_telefon","",""
"DLG_kapitel3_0007","LUCYS STIMME","lucy","„Haus … Nummer … sieben …“","3800","app/mods/kapitel3.js","88","kapitel3_telefon","",""
"DLG_kapitel3_0008","","","„Das war nicht Lucy, Bruder. Das war ich. Ich war im Keller.“","4400","app/mods/kapitel3.js","92","kapitel3_telefon","",""
"DLG_kapitel3_0009","","","„Du hast mich freigeschlagen. Danke.“","3600","app/mods/kapitel3.js","92","kapitel3_telefon","",""
"DLG_kapitel3_0010","","","Ich hab die Kellertür aufgemacht.","2800","app/mods/kapitel3.js","97","kapitel3_telefon","",""
"DLG_kapitel3_0011","","","„Hier gibt es kein Draußen, Kind. Nicht, bis sie aufhört zu suchen.“","4400","app/mods/kapitel3.js","127","kapitel3_justinAmAusgang","",""
"DLG_kapitel3_0012","","","Und die Leute?","1800","app/mods/kapitel3.js","127","kapitel3_justinAmAusgang","",""
"DLG_kapitel3_0013","","","„Wer nie drin war, schläft wie ein Stein. Dein Nachbar mit der Kette war drin. Der schläft nicht.“","5200","app/mods/kapitel3.js","127","kapitel3_justinAmAusgang","",""
"DLG_kapitel3_0014","LUKE","","Der Tag, an dem SIE kam. Der 31. Der Kellercode. Hilde hat alles auf denselben Tag gelegt, damit sie nichts vergisst.","6000","app/mods/kapitel3.js","145","kapitel3_zaehlbuch","",""
"DLG_kapitel3_0015","NACHBILD · 2009","","Fünf Kinder, barfuß, die Straße herunter, langsam wie im Schlaf.","4200","app/mods/kapitel3.js","153","kapitel3_nachbild2009","",""
"DLG_kapitel3_0016","NACHBILD · 2009","","Ein Mann in Rüstung, an der Hand ein Junge mit braunen Augen.","4200","app/mods/kapitel3.js","153","kapitel3_nachbild2009","",""
"DLG_kapitel3_0017","NACHBILD · 2009","","Am Nebelrand ein Junge im gestreiften Schlafanzug, der nicht mitkommt.","4200","app/mods/kapitel3.js","154","kapitel3_nachbild2009","",""
"DLG_kapitel3_0018","NACHBILD · 2009","","Auf der Treppe von Nr. 7 eine Frau in Nachtjacke: „… sieben. Acht.“","4400","app/mods/kapitel3.js","154","kapitel3_nachbild2009","",""
"DLG_kapitel3_0019","DU","luke","Ich hab noch nie einen Laternenpfahl so gern gehabt. Nicht mal nach Schützenfest.","4200","app/mods/kapitel3.js","182","kapitel3_jagdTick","",""
"DLG_kapitel3_0020","KINDERSTIMME","luna","„Du bist.“","2400","app/mods/kapitel3.js","194","kapitel3_erwischt","",""
"DLG_kapitel3_0021","","","„Jetzt! Zu mir! Sie kommen!“","2600","app/mods/kapitel3.js","215","kapitel3_lampsOut","",""
"DLG_kapitel3_0022","VEGAS","vegas","„Lauf, Junge! Lauf!“","2200","app/mods/kapitel3.js","232","kapitel3_behTick","",""
"DLG_kapitel3_0023","VEGAS","vegas","„Und nicht durch meine Dahlien!“","2600","app/mods/kapitel3.js","232","kapitel3_behTick","",""
"DLG_kapitel3_0024","KINDERSTIMME","luna","„Du bist!“","1800","app/mods/kapitel3.js","236","kapitel3_behErwischt","",""
"DLG_kapitel3_0025","","","„Sie dürfen nicht hinein. Sie sind schon drin. Nur wir zwei.“","3600","app/mods/kapitel3.js","246","kapitel3_behSicher","",""
"DLG_kapitel3_0026","","","„Nimm meine Hand. Und lass sie nicht los, was immer du drinnen siehst. Wer loslässt, fällt. Irgendwohin. Irgendwann.“","6200","app/mods/kapitel3.js","246","kapitel3_behSicher","",""
"DLG_kapitel3_0027","","","Der Panzerhandschuh ist warm. Was er nicht sein dürfte.","3400","app/mods/kapitel3.js","255","kapitel3_handNehmen","",""
"DLG_kapitel3_0028","WHISKEY","","„Kum!“ – alt für „Komm!“","2200","app/mods/kapitel3.js","261","kapitel3_kum","",""
"DLG_kapitel3_0029","","","„Das ist ihr Wort.“","2600","app/mods/kapitel3.js","262","kapitel3_kum","",""
"DLG_kapitel3_0030","","","„Hast du noch einen von den … Riegeln?“","2800","app/mods/kapitel3.js","266","kapitel3_riegel","",""
"DLG_kapitel3_0031","","","Deine Finger stoßen in der Innentasche neben dem Riegel an etwas Kleines, Hartes, Eckiges.","4200","app/mods/kapitel3.js","266","kapitel3_riegel","",""
"DLG_kapitel3_0032","","","„Für drinnen. Da gibt es nichts.“","2600","app/mods/kapitel3.js","266","kapitel3_riegel","",""
"DLG_kapitel3_0033","","","Weg damit. In den Gully.","3200","app/mods/kapitel3.js","269","kapitel3_riegel","",""
"DLG_kapitel3_0034","LUKE","","Heute nicht. Hat er gesagt. Ich hör ausnahmsweise mal auf jemanden.","4200","app/mods/kapitel3.js","272","kapitel3_hufeisen","",""
"DLG_kapitel3_0035","VEGAS","vegas","„Das ist Aydıns Kuh! Die Gescheckte! Ich hab’s gewusst. Die nehmen erst die Kühe, dann die Leute. Steht alles im Ordner. Seit ’58!“","6400","app/mods/kapitel3.js","357","kapitel3_fortsetzen","",""
"DLG_kapitel3_0036","LUKE","","Die Zelle hat seit Jahren kein Kabel mehr. Vegas sagt, genau deshalb hört sie mit.","4400","app/mods/kapitel3.js","359","kapitel3_fortsetzen","",""
"DLG_kapitel3_0037","LUKE","","Fünfzig Hertz. Immer noch. Kein Strom im ganzen Dorf, und die Zelle brummt.","5200","app/mods/kapitel3.js","362","kapitel3_fortsetzen","",""
"DLG_kapitel5_0001","","","[{…}]","","app/mods/kapitel5.js","22","k5_geraeusch","",""
"DLG_kapitel5_0002","","","„Da läuft das Glück raus. Hat Oma immer gesagt. Toll.“","3800","app/mods/kapitel5.js","356","","",""
"DLG_kapitel5_0003","","","„Sie schläft. Diesmal richtig. Geh, Junge. Mach, was du machen musst.“","3800","app/mods/kapitel5.js","397","k5_huellen","heimweg",""
"DLG_kapitel5_0004","","","„Sie schläft. Endlich.“","2800","app/mods/kapitel5.js","571","k5_takt","",""
"DLG_kapitel5_0005","","","„Friert seit heute Mittag. Ich hab die Heizung auf fünf, Junge. Fünf! Da schwitzt sonst der Hund.“","5200","app/mods/kapitel5.js","571","k5_takt","",""
"DLG_kapitel5_0006","","","„Und sie hat mich gefragt, wo Flocke ist. Flocke ist seit Jahren tot.“","4600","app/mods/kapitel5.js","571","k5_takt","",""
"DLG_kapitel5_0007","","","„Vielleicht hat sie geträumt.“","2600","app/mods/kapitel5.js","572","k5_takt","",""
"DLG_kapitel5_0008","","","„Mit offenen Augen gefragt. Mit den weißen.“","3600","app/mods/kapitel5.js","572","k5_takt","",""
"DLG_kapitel5_0009","","","„Der Vogel. Er hat den Speck gefunden. Den ganzen Speck, für die ganze Woche.“","4600","app/mods/kapitel5.js","576","k5_takt","",""
"DLG_kapitel5_0010","","","„Und die da stehen vor MEINER Tür, Junge. Vor meiner!“","3600","app/mods/kapitel5.js","577","k5_takt","",""
"DLG_kapitel5_0011","NACHSORGE 12 (FUNK)","","„Brandt steht vor Nummer drei. Der Vogel hat den Speck. Brandt sieht jetzt zur Tür.“","5200","app/mods/kapitel5.js","582","k5_takt","",""
"DLG_kapitel5_0012","NACHSORGE 11 (FUNK)","","„Nicht vorlesen, Kollege. Er hört mit.“","2800","app/mods/kapitel5.js","583","k5_takt","",""
"DLG_kapitel5_0013","","","„Ich hab’s dir gesagt. Die hören mit.“","3000","app/mods/kapitel5.js","584","k5_takt","",""
"DLG_kapitel5_0014","","","„Brandts Küche. Da hat seit Marion keiner mehr Licht gemacht.“","4200","app/mods/kapitel5.js","602","k5_takt","",""
"DLG_kapitel5_0015","","","„Und ich sag dir was: Die haben die Sofortbildkamera erfunden, damit das Amt nicht mehr ins Labor muss. Steht in meinem Ordner.“","6200","app/mods/kapitel5.js","602","k5_takt","",""
"DLG_kapitel5_0016","","","„Lucy schläft hinter dir, Vegas. Und da drüben deckt sie den Tisch.“","4200","app/mods/kapitel5.js","603","k5_takt","",""
"DLG_kapitel5_0017","","","„Kluge Katze.“","2000","app/mods/kapitel5.js","610","k5_takt","",""
"DLG_kapitel5_0018","","","„Gisela hat gesagt, wenn du nicht reingehst, geh ich auch nicht. … Ich geh trotzdem. Sag’s ihr nicht.“","5600","app/mods/kapitel5.js","611","k5_takt","",""
"DLG_kapitel5_0019","","","„Da bist du ja, Bruder.“","2800","app/mods/kapitel5.js","617","k5_takt","",""
"DLG_kapitel5_0020","","","„Setz dich. Ich hab gekocht.“","3000","app/mods/kapitel5.js","617","k5_takt","",""
"DLG_kapitel5_0021","","","„Hildes Kamera. Die lügt nicht. Hol sie mir.“","3600","app/mods/kapitel5.js","651","k5_fensterReden","",""
"DLG_kapitel5_0022","","","„Ich will wissen, ob ich noch ganz da bin.“","3200","app/mods/kapitel5.js","651","k5_fensterReden","",""
"DLG_kapitel5_0023","","","„Und Großer: Wenn dich heute einer zum Essen ruft, der nicht ich bin. Iss nichts.“","5200","app/mods/kapitel5.js","651","k5_fensterReden","",""
"DLG_kapitel5_0024","LUKE","","Sie friert, sie kocht nicht, sie fragt nach einem toten Hund. Aber sie sagt ‚Großer‘. Das reicht mir. Muss es.","6800","app/mods/kapitel5.js","657","k5_fensterReden","",""
"DLG_kapitel5_0025","","","„Kein Display, kein Löschen, kein zweiter Versuch. Hilde hat mehr Vertrauen in mich als ich.“","5400","app/mods/kapitel5.js","667","k5_kameraNehmen","kamera",""
"DLG_kapitel5_0026","","","„Für die, die gezählt hat.“","2800","app/mods/kapitel5.js","674","k5_riegelHin","kamera",""
"DLG_kapitel5_0027","","","Er sieht den Riegel an. Dann dich. Er lässt ihn liegen.","3600","app/mods/kapitel5.js","677","k5_riegelHin","kamera",""
"DLG_kapitel5_0028","","","„Maas. Er hat heute alles ausgetragen, was er vierzig Jahre lang behalten hat.“","4800","app/mods/kapitel5.js","688","k5_briefe","kamera",""
"DLG_kapitel5_0029","","","„Da ist er ja, der Brandt-Junge. Ich hab den Hänschen gesucht, und der Hänschen sitzt vor deinem Haus und starrt die Tür an. Seit einer Stunde.“","6800","app/mods/kapitel5.js","741","k5_gisela","",""
"DLG_kapitel5_0030","","","„Nimm ihn mit. Der sieht, was du nicht siehst.“","3200","app/mods/kapitel5.js","742","k5_gisela","",""
"DLG_kapitel5_0031","","","„Ich hab noch nie eine Katze dazu gebracht, irgendwas zu tun.“","3600","app/mods/kapitel5.js","742","k5_gisela","",""
"DLG_kapitel5_0032","","","Er ist schwerer, als er aussieht.","2800","app/mods/kapitel5.js","745","k5_gisela","",""
"DLG_kapitel5_0033","","","„Musst du auch nicht. Der macht das für sich, nicht für dich.“","3800","app/mods/kapitel5.js","746","k5_gisela","",""
"DLG_kapitel5_0034","","","„Wenn er nicht mit reingeht, gehst du auch nicht. Wenn er sich hinsetzt und guckt, guck nicht hin. Und wenn er schnurrt, ist es ein Kind.“","6800","app/mods/kapitel5.js","747","k5_gisela","",""
"DLG_kapitel5_0035","","","„Wenn er aufsteht und weggeht, geh du auch.“","3200","app/mods/kapitel5.js","748","k5_gisela","",""
"DLG_kapitel5_0036","","","„Und noch was. Der mit dem Hut war heut am Grab. An dem mit deinem Namen. Mit dem Steinmetz. Der zahlt bar. Wer zahlt Gräber bar?“","7200","app/mods/kapitel5.js","752","k5_gisela","",""
"DLG_kapitel5_0037","","","„Bring ihn zurück, ja? Siebzehn Katzen und kein einziger Mann, und ich hab heut Nacht keine Lust auf noch einen leeren Napf.“","6200","app/mods/kapitel5.js","753","k5_gisela","",""
"DLG_kapitel5_0038","","","Sie sieht den Lederriemen an deinem Handgelenk. Die Taschenlampe in ihrer Hand senkt sich. Sie nimmt ihn, ohne zu fragen, und dreht ihn ins Licht.","5800","app/mods/kapitel5.js","757","k5_gisela","",""
"DLG_kapitel5_0039","","","„Das ist Hänschens. Das ‚H. R.‘ hab ich reingeritzt. Mit der Nagelschere. Wo hast du …“","5200","app/mods/kapitel5.js","758","k5_gisela","",""
"DLG_kapitel5_0040","","","Sie fragt nicht weiter.","2400","app/mods/kapitel5.js","758","k5_gisela","",""
"DLG_kapitel5_0041","","","„Ich soll Ihnen sagen: Er hat nicht gefroren.“","3400","app/mods/kapitel5.js","759","k5_gisela","",""
"DLG_kapitel5_0042","","","„… Der hat immer gefroren. Immer.“","3600","app/mods/kapitel5.js","761","k5_gisela","",""
"DLG_kapitel5_0043","LUKE","","Und im Kombi vor unserem Haus sitzen die zwei und gucken auf unsere Küche.","4600","app/mods/kapitel5.js","775","k5_gisela","tisch",""
"DLG_kapitel5_0044","","","„Ist sie noch da?“","2600","app/mods/kapitel5.js","785","k5_kameraZiel","tisch",""
"DLG_kapitel5_0045","","","„… Ja.“","2000","app/mods/kapitel5.js","785","k5_kameraZiel","tisch",""
"DLG_kapitel5_0046","","","„Dann spielt sie noch mit mir. Geh nicht weit, Großer.“","3800","app/mods/kapitel5.js","785","k5_kameraZiel","tisch",""
"DLG_kapitel5_0047","","","„Leere Ecke. Ein Bild weniger.“","3200","app/mods/kapitel5.js","803","k5_kameraZiel","tisch",""
"DLG_kapitel5_0048","LUKE","","Sie sind näher. Auf dem Bild sind sie näher als eben.","4200","app/mods/kapitel5.js","814","k5_kameraZiel","",""
"DLG_kapitel5_0049","","","„Nicht knipsen. Beim Essen wird nicht geknipst.“","3600","app/mods/kapitel5.js","818","k5_weggedreht","",""
"DLG_kapitel5_0050","","","Der Kanten Brot, nicht angeschnitten. Sonst nichts.","3200","app/mods/kapitel5.js","832","k5_gedeck","foto2",""
"DLG_kapitel5_0051","","","Ein Zinnbecher, ein Eisenlöffel, ein Kanten Brot, nicht angeschnitten. Auf dem Stuhl hat nie jemand gesessen.","5200","app/mods/kapitel5.js","832","k5_gedeck","foto2",""
"DLG_kapitel5_0052","","","„Papas Platz. Papa ist nur Laterne laufen. Der kommt gleich.“","4000","app/mods/kapitel5.js","832","k5_gedeck","foto2",""
"DLG_kapitel5_0053","","","Ein weißer Teller. Leer.","2400","app/mods/kapitel5.js","833","k5_gedeck","foto2",""
"DLG_kapitel5_0054","","","Ein weißer Teller. Darauf eine Kerze, nie angezündet. Daneben eine schwarze Feder.","4800","app/mods/kapitel5.js","833","k5_gedeck","foto2",""
"DLG_kapitel5_0055","","","„Mamas Platz. Mama kommt noch. Sie bringt das Licht mit.“","3800","app/mods/kapitel5.js","833","k5_gedeck","foto2",""
"DLG_kapitel5_0056","LUKE","","Mamas Platz. Sie meint meine Mama. Oder?","3600","app/mods/kapitel5.js","833","k5_gedeck","foto2",""
"DLG_kapitel5_0057","","","Der Teller ist leer bis auf den Milchzahn.","3600","app/mods/kapitel5.js","834","k5_gedeck","foto2",""
"DLG_kapitel5_0058","","","„Luke, 7. Der lag auf Mamas Kissen. Das ist nicht meiner.“","4200","app/mods/kapitel5.js","834","k5_gedeck","foto2",""
"DLG_kapitel5_0059","","","Ein Kinderteller mit Häschen. Leer, sauber.","3000","app/mods/kapitel5.js","835","k5_gedeck","foto2",""
"DLG_kapitel5_0060","","","„Meiner.“","2200","app/mods/kapitel5.js","835","k5_gedeck","foto2",""
"DLG_kapitel5_0061","","","„Lucys Häschenteller. Den hatte sie, bis sie zwölf war.“","3800","app/mods/kapitel5.js","835","k5_gedeck","foto2",""
"DLG_kapitel5_0062","","","„Iss, Bruder.“","2600","app/mods/kapitel5.js","844","k5_setzen","foto2",""
"DLG_kapitel5_0063","","","Du hast aufgegessen. Jetzt bleibst du über Nacht.","5000","app/mods/kapitel5.js","848","k5_essen","foto2",""
"DLG_kapitel5_0064","","","Gras. Kalt an den Lippen.","2400","app/mods/kapitel5.js","857","k5_essen","foto2",""
"DLG_kapitel5_0065","","","„Setz dich, Bruder.“","2800","app/mods/kapitel5.js","872","k5_schwelle","",""
"DLG_kapitel5_0066","RADIO","radio","„… allen, die noch wach sind … eine gute … Heimkehr …“","4200","app/mods/kapitel5.js","873","k5_schwelle","",""
"DLG_kapitel5_0067","LUKE","","Ein letzter Film steckt noch in der Kamera. Mama hat auch welche gehortet, unten in der Kommode.","5200","app/mods/kapitel5.js","884","k5_schwelle","",""
"DLG_kapitel5_0068","LUKE","","Kein Film. … Mama hat Filme gehortet. Die Kommode.","","app/mods/kapitel5.js","885","k5_schwelle","",""
"DLG_kapitel5_0069","","","„Post für Lucy. Ich hab sie schon gelesen.“","3400","app/mods/kapitel5.js","894","k5_karten","foto2",""
"DLG_kapitel5_0070","","","„Briefgeheimnis hat’s hier echt schwer.“","3000","app/mods/kapitel5.js","894","k5_karten","foto2",""
"DLG_kapitel5_0071","","","Atmen, klein, direkt hinter dir","3600","app/mods/kapitel5.js","899","k5_atemStart","foto2",""
"DLG_kapitel5_0072","","","Kleine, kalte Finger an deinem Hals.","2600","app/mods/kapitel5.js","904","k5_atemVerpasst","foto2",""
"DLG_kapitel5_0073","","","„Iss auf, Bruder.“","2600","app/mods/kapitel5.js","905","k5_atemVerpasst","foto2",""
"DLG_kapitel5_0074","LUKE","","Etwas atmet hinter mir. Hildes Kamera – umdrehen und abdrücken.","4600","app/mods/kapitel5.js","906","k5_atemVerpasst","foto2",""
"DLG_kapitel5_0075","LUKE","","Nicht umdrehen und gucken. Umdrehen und abdrücken.","5000","app/mods/kapitel5.js","906","k5_atemVerpasst","foto2",""
"DLG_kapitel5_0076","","","„Jetzt weißt du’s.“","2600","app/mods/kapitel5.js","932","k5_heimkehrerin","foto2",""
"DLG_kapitel5_0077","","","„Wir tragen beide ein geliehenes Gesicht,“","2700","app/mods/kapitel5.js","933","k5_heimkehrerin","foto2",""
"DLG_kapitel5_0078","","","„… Bruder.“","1600","app/mods/kapitel5.js","933","k5_heimkehrerin","foto2",""
"DLG_kapitel5_0079","","","„Ich hab mir was von ihr geborgt. Das Kochen. Das Lachen. Das ‚Großer‘.“","4400","app/mods/kapitel5.js","934","k5_heimkehrerin","foto2",""
"DLG_kapitel5_0080","","","„Warum darfst du bleiben und ich nicht?“","3400","app/mods/kapitel5.js","939","k5_heimkehrerin","",""
"DLG_kapitel5_0081","","","Du hältst sie fest, bis das Licht wiederkommt.","3200","app/mods/kapitel5.js","948","mb","",""
"DLG_kapitel5_0082","","","„Das war sie. Die ganze Zeit.“","3400","app/mods/kapitel5.js","953","k5_heimkehrerin","",""
"DLG_kapitel5_0083","","","„Ich nehm ihr was weg, und sie lacht.“","3400","app/mods/kapitel5.js","966","k5_spieluhrNehmen","",""
"DLG_kapitel5_0084","","","„Großer.“","2200","app/mods/kapitel5.js","984","k5_lucyAktion","",""
"DLG_kapitel5_0085","","","„… Da bist du.“","2400","app/mods/kapitel5.js","984","k5_lucyAktion","",""
"DLG_kapitel5_0086","","","„Sie hat jetzt keine Spieluhr mehr unter der Stimme. Pass auf, wem du glaubst.“","4800","app/mods/kapitel5.js","984","k5_lucyAktion","",""
"DLG_kapitel5_0087","","","Lucy sieht zur Telefonzelle. „Geh ran, Großer.“","3000","app/mods/kapitel5.js","990","k5_lucyAktion","",""
"DLG_kapitel5_0088","","","„Geh. Ich bin bei Vegas.“","2600","app/mods/kapitel5.js","991","k5_lucyAktion","",""
"DLG_kapitel5_0089","","","Rauschen. Keine Spieluhr darunter.","2600","app/mods/kapitel5.js","997","k5_telefon","",""
"DLG_kapitel5_0090","","","„Du hast ihr was weggenommen. Jetzt nimmt sie dir was weg.“","4200","app/mods/kapitel5.js","997","k5_telefon","",""
"DLG_kapitel5_0091","","","„Komm in den Stall. Bring Brot. Und guck mich nicht an.“","4200","app/mods/kapitel5.js","997","k5_telefon","",""
"DLG_kapitel5_0092","","","„Keine Spieluhr. Das war … ich. Als Kind.“","3800","app/mods/kapitel5.js","999","k5_telefon","",""
"DLG_kapitel5_0093","","","„Nicht jetzt.“","1800","app/mods/kapitel5.js","1003","k5_telefon","",""
"DLG_kapitel5_0094","","","„Der Junge im Stall. Hilde hat ihm jeden Abend Brot hingestellt. Seit damals.“","4600","app/mods/kapitel5.js","1006","k5_telefon","",""
"DLG_kapitel5_0095","","","„Sie hat es mir im Oktober gezeigt. Heute hat’s keiner gemacht.“","4200","app/mods/kapitel5.js","1006","k5_telefon","",""
"DLG_kapitel5_0096","","","„Ich geh zu Vegas. Ich hab ja wieder beide Hälften. Nimm die Katze mit. Die mag dich, glaub ich. Man sieht’s nicht.“","6000","app/mods/kapitel5.js","1007","k5_telefon","",""
"DLG_kapitel5_0097","","","„Hallo, Vogel.“","2200","app/mods/kapitel5.js","1042","k5_stallSzene","",""
"DLG_kapitel5_0098","","","Eine kleine, kalte Hand in deiner.","3400","app/mods/kapitel5.js","1043","k5_stallSzene","",""
"DLG_kapitel5_0099","","","„Nicht gucken. Wenn du guckst, guckt sie mit.“","3600","app/mods/kapitel5.js","1044","k5_stallSzene","",""
"DLG_kapitel5_0100","","","„Du hast Lucy die Spieluhr gebracht. Das war gut. Sie hat gekichert. So kichert sie, wenn sie verliert und so tut, als wär’s egal.“","6400","app/mods/kapitel5.js","1045","k5_stallSzene","",""
"DLG_kapitel5_0101","","","„War es schön? Mein Leben?“","3200","app/mods/kapitel5.js","1053","k5_stallSzene","",""
"DLG_kapitel5_0102","","","„Ja.“","1600","app/mods/kapitel5.js","1056","k5_stallSzene","",""
"DLG_kapitel5_0103","","","„Gut.“","1800","app/mods/kapitel5.js","1056","k5_stallSzene","",""
"DLG_kapitel5_0104","","","„Ich weiß nicht.“","1800","app/mods/kapitel5.js","1057","k5_stallSzene","",""
"DLG_kapitel5_0105","","","„Dann mach, dass es schön wird. Einer von uns muss.“","4200","app/mods/kapitel5.js","1057","k5_stallSzene","",""
"DLG_kapitel5_0106","","","„Sie hat dir ein Bett gemacht. Am Kirchberg. Wenn sie ruft, geh nicht hin.“","4600","app/mods/kapitel5.js","1059","k5_stallSzene","",""
"DLG_kapitel5_0107","","","„Ich muss jetzt. Sie guckt gleich wieder.“","3400","app/mods/kapitel5.js","1060","k5_stallSzene","",""
"DLG_kapitel5_0108","","","Weg. Er kommt wieder, wenn du nicht guckst.","3600","app/mods/kapitel5.js","1067","k5_stallSzene","",""
"DLG_kapitel5_0109","","","„Augen auf, Bruder.“","2400","app/mods/kapitel5.js","1075","k5_augenAuf","",""
"DLG_kapitel5_0110","","","„Da ist er ja.“","2400","app/mods/kapitel5.js","1080","k5_augenAuf","",""
"DLG_kapitel5_0111","","","„Ich hab ihn angesehen.“","2800","app/mods/kapitel5.js","1082","k5_augenAuf","",""
"DLG_kapitel5_0112","","","Das Tappen führt dich im Kreis. Durch die Gärten, am Hof vorbei, zweimal um die Villa. Als es aufhört, schlägt die Glocke auf dem Kirchberg elf.","9000","app/mods/kapitel5.js","1093","k5_tappEnde","",""
"DLG_kapitel5_0113","","","Laminiert. Es reißt trotzdem. Morgen hängt es wieder, da bin ich sicher.","3600","app/mods/kapitel5.js","1102","k5_plakat","",""
"DLG_kapitel5_0114","","","„Vermisst seit heute. Ich steh hier und les, dass ich weg bin. Die haben sich beeilt.“","5000","app/mods/kapitel5.js","1105","k5_plakat","",""
"DLG_kapitel5_0115","","","„Pust.“","1600","app/mods/kapitel5.js","1154","k5_kleineAktion","",""
"DLG_kapitel5_0116","","","„Nicht! Wer sich verschenkt, gehört ihr ganz.“","3400","app/mods/kapitel5.js","1158","k5_insGrab","",""
"DLG_kapitel5_0117","","","„Die da hat sich verschenkt. Weißt du noch, wie sie hieß?“","4000","app/mods/kapitel5.js","1158","k5_insGrab","",""
"DLG_kapitel5_0118","","","„Cleo.“","1600","app/mods/kapitel5.js","1160","k5_insGrab","",""
"DLG_kapitel5_0119","","","„Siehst du. Du weißt es nur, weil Lucy es dir gesagt hat. Sonst keiner.“","4600","app/mods/kapitel5.js","1160","k5_insGrab","",""
"DLG_kapitel5_0120","","","„… Mama?“","2200","app/mods/kapitel5.js","1173","k5_kerzeAnzuenden","",""
"DLG_kapitel5_0121","","","„Mama, ich war gar nicht böse.“","3200","app/mods/kapitel5.js","1173","k5_kerzeAnzuenden","",""
"DLG_kapitel5_0122","","","Das Wachs ist kalt, obwohl sie gebrannt hat.","3600","app/mods/kapitel5.js","1181","k5_kerzeAnzuenden","",""
"DLG_kapitel5_0123","","","„Im Wald findet sie keinen! Sie findet uns an dem, was wir liegen lassen. Da drin frisst das einer weg!“","5200","app/mods/kapitel5.js","1184","k5_kerzeAnzuenden","",""
"DLG_kapitel5_0124","","","„Ausgehoben vor der Nacht. Rechnung ans Amt. Die haben mein Grab bestellt, bevor ich überhaupt … Schöner Stein. Ehrlich.“","6200","app/mods/kapitel5.js","1207","k5_rechnung","",""
"DLG_kapitel5_0125","LUKE","","Wer tot gemeldet ist, den sucht keiner, wenn er in einer Zelle sitzt.","4800","app/mods/kapitel5.js","1208","k5_rechnung","",""
"DLG_kapitel5_0126","","","„Die Männer im Nachbild. Das Amt. Und er hat zugesehen.“","4200","app/mods/kapitel5.js","1209","k5_rechnung","",""
"DLG_kapitel5_0127","","","Ein Mann in Eisen kniet am Grab und liest, langsam, mit dem Finger.","4200","app/mods/kapitel5.js","1217","k5_kreideNachbild","grab",""
"DLG_kapitel5_0128","","","Er kommt bis zur zweiten Zahl. Dann steht er auf und geht Richtung Senke.","4600","app/mods/kapitel5.js","1217","k5_kreideNachbild","grab",""
"DLG_kapitel5_0129","","","Er hat es geglaubt.","2600","app/mods/kapitel5.js","1217","k5_kreideNachbild","grab",""
"DLG_kapitel5_0130","KINDERSTIMME","luna","„Der kommt wieder. Der kommt immer wieder.“","3400","app/mods/kapitel5.js","1227","k5_schnalle","grab",""
"DLG_kapitel5_0131","","","„Vom Hof. Nicht aus dem Licht.“","2800","app/mods/kapitel5.js","1228","k5_schnalle","grab",""
"DLG_kapitel5_0132","","","„Hatte ich Milch? Ich hatte Milch.“","3200","app/mods/kapitel5.js","1232","k5_v09","grab",""
"DLG_kapitel5_0133","","","„Betreten des Objekts. Verzehr: keiner. Zustand: verweint.“","4200","app/mods/kapitel5.js","1238","k5_ag15Hinter","grab",""
"DLG_kapitel5_0134","","","„Ich hab nicht geweint.“","2200","app/mods/kapitel5.js","1238","k5_ag15Hinter","grab",""
"DLG_kapitel5_0135","","","„Steht aber hier.“","2200","app/mods/kapitel5.js","1238","k5_ag15Hinter","grab",""
"DLG_kapitel5_0136","","","„Wir haben schon mal Blumen mitgebracht. Damit es später nicht so eilig wird.“","4800","app/mods/kapitel5.js","1243","k5_v10","grab",""
"DLG_kapitel5_0137","","","„Für wen?“","1500","app/mods/kapitel5.js","1245","k5_v10","grab",""
"DLG_kapitel5_0138","","","„Für die Grabstelle Brandt, L. Wir wissen nur noch nicht, welches L.“","4600","app/mods/kapitel5.js","1245","k5_v10","grab",""
"DLG_kapitel5_0139","","","„Behalten Sie die.“","1600","app/mods/kapitel5.js","1246","k5_v10","grab",""
"DLG_kapitel5_0140","","","„Die sind vom Automaten, Herr Brandt. Die nimmt keiner zurück.“","4000","app/mods/kapitel5.js","1246","k5_v10","grab",""
"DLG_kapitel5_0141","","","„Luke!“","1800","app/mods/kapitel5.js","1255","k5_gitter","grab",""
"DLG_kapitel5_0142","","","„Kein Echo. Nicht mal von meinem Namen.“","3600","app/mods/kapitel5.js","1255","k5_gitter","grab",""
"DLG_kapitel5_0143","","","„Großer.“","2200","app/mods/kapitel5.js","1265","k5_gitter","",""
"DLG_kapitel5_0144","","","„Komm heim.“","2600","app/mods/kapitel5.js","1265","k5_gitter","",""
"DLG_kapitel5_0145","","","„Das hat sie von mir. Ich hab es ihr gezeigt.“","3800","app/mods/kapitel5.js","1326","k5_ende","",""
"DLG_kapitel5_0146","","","„Setz dich doch.“","2600","app/mods/kapitel5.js","1334","k5_ende","",""
"DLG_kapitel5_0147","","","„Unter ihrer Stimme. Die Spieluhr. Lucys Spieluhr. Die läuft im Kinderzimmer.“","5600","app/mods/kapitel5.js","1335","k5_ende","",""
"DLG_kapitel5_0148","","","„Du bist doch gerade erst gekommen.“","3000","app/mods/kapitel5.js","1336","k5_ende","",""
"DLG_kapitel5_0149","LUKE","","Hildes Zählbuch, am Rand: „Brot hin. Umdrehen. Der ist scheu wie eine Katze.“","5600","app/mods/kapitel5.js","1360","","",""
"DLG_kapitel5_0150","LUKE","","Er kommt nicht, solange ich hinsehe. Sie sieht durch mich.","5000","app/mods/kapitel5.js","1362","","",""
"DLG_kapitel5_0151","LUKE","","„Wenn sie nicht hinsieht, darf ich runter in den Stall.“","","app/mods/kapitel5.js","1363","","",""
"DLG_kapitel5_0152","LUKE","","Hier hört es auf. An der Laterne hängt was. Frisch laminiert.","4200","app/mods/kapitel5.js","1375","","",""
"DLG_kapitel5_0153","LUKE","","Die Füße. Irgendwo vor mir.","2600","app/mods/kapitel5.js","1377","","",""
"DLG_kapitel5_0154","","","„Ich hol ihn. Und dann komm ich zu dir zurück, Lucy. Versprochen.“","4400","app/mods/kapitel5.js","1396","k5_mama","",""
"DLG_kapitel5_0155","LUKE","","Die Kamera. Sie hat sich weggedreht, als ich sie gehoben hab. Wovor hat so was Angst?","5600","app/mods/kapitel5.js","1399","k5_mama","",""
"DLG_kapitel5_0156","","","„Unentschieden.“","2000","app/mods/kapitel5.js","1406","k5_scheisseGag","",""
"DLG_kapitel5_0157","","","„Sie ist raus! Barfuß! Zur Kreuzung, Junge, sie steht mitten auf der Kreuzung!“","4800","app/mods/kapitel5.js","1410","k5_jagd","",""
"DLG_kapitel5_0158","","","Kichern, leise, hinter dir","","app/mods/kapitel5.js","1412","k5_jagd","",""
"DLG_kapitel5_0159","","","Kleine, kalte Finger an deinem Hals. „Iss auf, Bruder.“","4200","app/mods/kapitel5.js","1421","k5_gefangen","",""
"DLG_kapitel5_0160","","","„Voss.“","2000","app/mods/kapitel5.js","1427","k5_grabTick","",""
"DLG_kapitel5_0161","","","„Das Mädchen von Wolters Foto. Sie hat den Kreisel noch.“","4200","app/mods/kapitel5.js","1430","k5_grabTick","",""
"DLG_kapitel5_0162","","","„Schlafenszeit, Bruder.“","2600","app/mods/kapitel5.js","1432","k5_grabTick","",""
"DLG_kapitel5_0163","","","„Ich hab dir ein Bett gemacht. Die Männer mit den Hüten haben geholfen. Die haben gedacht, es ist für was anderes.“","5600","app/mods/kapitel5.js","1432","k5_grabTick","",""
"DLG_kapitel5_0164","","","„Du legst dich rein. Dann bist du daheim. Und er darf nach Hause. Tausch.“","4600","app/mods/kapitel5.js","1432","k5_grabTick","",""
"DLG_kapitel5_0165","","","„Glaub ihr nicht! Sie gibt nie zurück, was sie nimmt!“","3800","app/mods/kapitel5.js","1432","k5_grabTick","",""
"DLG_kapitel5_0166","LUKE","","Sie pustet jedes Licht aus. Jedes? ‚Mamas Platz.‘","5000","app/mods/kapitel5.js","1434","k5_grabTick","",""
"DLG_kapitel5_0167","","","„Pust.“","1600","app/mods/kapitel5.js","1440","k5_grabTick","",""
"DLG_kapitel5_0168","","","„Aus. Einfach ausgepustet. Wie eine Geburtstagskerze.“","3400","app/mods/kapitel5.js","1440","k5_grabTick","",""
"DLG_kapitel5_0169","LUKE","","Die Kamera zeigt, was das Auge nicht sieht.","3600","app/mods/kapitel5.js","1441","k5_grabTick","",""
"DLG_kapitel5_0170","","","Kleine, kalte Hände. Sie nehmen dich an der Hand und führen dich zurück ans Tor.","4200","app/mods/kapitel5.js","1452","k5_friedhofZurueck","",""
"DLG_kapitel6_0001","LUKE","","Da bist du ja.","1800","app/mods/kapitel6.js","138","k6_papier","",""
"DLG_kapitel6_0002","LUKE","","Nicht jetzt.","1800","app/mods/kapitel6.js","209","k6_lampeStirbt","epilog",""
"DLG_kapitel6_0003","LUKE","","Damit du im Dunkeln nicht allein bist.","3000","app/mods/kapitel6.js","214","k6_lampeStirbt","epilog",""
"DLG_kapitel6_0004","LUKE","","Hier ist es still. Nicht leise. Still.","3400","app/mods/kapitel6.js","252","k6_zoneWechsel","epilog",""
"DLG_kapitel6_0005","LUKE","","„Whiskey?“","1800","app/mods/kapitel6.js","252","k6_zoneWechsel","epilog",""
"DLG_kapitel6_0006","LUKE","","„Luke?“","2000","app/mods/kapitel6.js","253","k6_zoneWechsel","epilog",""
"DLG_kapitel6_0007","LUKE","","Acht Cent. Wenn ich das überlebe, ist das mein Anfang.","3200","app/mods/kapitel6.js","262","k6_flascheNehmen","epilog",""
"DLG_kapitel6_0008","LUKE","","Viel zu laut.","1800","app/mods/kapitel6.js","264","k6_flascheKlirr","epilog",""
"DLG_kapitel6_0009","LUKE","","Er schläft hier. Manchmal. Zwischen dem Stall und … was auch immer da hinten ist.","4200","app/mods/kapitel6.js","271","k6_beats","huette",""
"DLG_kapitel6_0010","LUKE","","Er ist hinter ihm her.","2600","app/mods/kapitel6.js","286","k6_beats","faden",""
"DLG_kapitel6_0011","LUKE","","Gleich. Erst will ich wissen, wer da hinter mir parkt.","2600","app/mods/kapitel6.js","300","k6_gitter","bau",""
"DLG_kapitel6_0012","LUKE","","Hildes Brot. Er hat es zerbröselt. Damit er zurückfindet.","3600","app/mods/kapitel6.js","303","k6_gitter","krumen",""
"DLG_kapitel6_0013","LUKE","","Nein. Lucy schläft. Ich geh nicht zurück, bevor ich ihn gefunden hab.","3200","app/mods/kapitel6.js","311","k6_sperre","epilog",""
"DLG_kapitel6_0014","LUKE","","Er weiß, welche Decke. Hast du das gehört? Er weiß, welche Decke.","3600","app/mods/kapitel6.js","336","k6_ag18","epilog",""
"DLG_kapitel6_0015","LUKE","","Tausch? Was willst du dafür?","2200","app/mods/kapitel6.js","355","k6_deckel","",""
"DLG_kapitel6_0016","LUKE","","Ich hab kein Fahrrad. Du weißt, dass ich kein Fahrrad hab.","3200","app/mods/kapitel6.js","355","k6_deckel","",""
"DLG_kapitel6_0017","FUNK","funk_blechmann","„Köder bewegt sich nach Norden. Sender aktiv.“","3000","app/mods/kapitel6.js","361","k6_v11","",""
"DLG_kapitel6_0018","LUKE","","Seit wann. Seit wann ist das da drin.","2800","app/mods/kapitel6.js","362","k6_v11","",""
"DLG_kapitel6_0019","LUKE","","Such mich doch.","1800","app/mods/kapitel6.js","364","k6_v11","",""
"DLG_kapitel6_0020","LUKE","","Mit seiner Stimme. Es hat als Erstes den Ritter probiert.","3400","app/mods/kapitel6.js","376","k6_standTick","",""
"DLG_kapitel6_0021","LUKE","","Das waren acht Cent, du Ratte mit Flügeln.","2800","app/mods/kapitel6.js","385","k6_flascheFall","",""
"DLG_kapitel6_0022","LUKE","","Warm. Da hat gerade jemand gesessen. Jemand Kleines.","3000","app/mods/kapitel6.js","410","k6_falleTick","faden",""
"DLG_kapitel6_0023","LUKE","","Jetzt bist du der Köder.","2200","app/mods/kapitel6.js","429","k6_wolfTick","",""
"DLG_kapitel6_0024","LUKE","","Die haben Angst. Die Blechmänner haben Angst.","3200","app/mods/kapitel6.js","487","k6_falleEnde","",""
"DLG_kapitel6_0025","LUKE","","„Bei Verlust Köder.“ Ich steh auf einer Liste zwischen einem Teich und einem Raben.","4200","app/mods/kapitel6.js","490","k6_liste","frass",""
"DLG_kapitel6_0026","LUKE","","Zieh.","1400","app/mods/kapitel6.js","493","k6_weiherTick","frass",""
"DLG_kapitel6_0027","LUKE","","Dreiundvierzig … nein. Drei-vier. Der ist alt. Der war damals schon dabei.","3600","app/mods/kapitel6.js","506","k6_ag20","frass",""
"DLG_kapitel6_0028","LUKE","","Eisen. Hilft nicht. Nehm ich trotzdem.","2400","app/mods/kapitel6.js","508","k6_ag20","frass",""
"DLG_kapitel6_0029","LUKE","","Für die Nachsorge. Die holen es sich. Die holen sich alles.","3200","app/mods/kapitel6.js","512","k6_funkZurueck","frass",""
"DLG_kapitel6_0030","","","Dein Handy. Seit dem Zaun kein Netz. Es klingelt trotzdem. Auf dem Display: LUCY.","4200","app/mods/kapitel6.js","519","k6_anrufLucy","",""
"DLG_kapitel6_0031","LUKE","","Elfmal bin ich nicht rangegangen. Einmal doch, und es war die andere.","4200","app/mods/kapitel6.js","520","k6_anrufLucy","",""
"DLG_kapitel6_0032","","","In der Fibel leuchtet eine Zeile aus Merkblatt W: „Nicht antworten. Es sind nicht Ihre Angehörigen.“","4200","app/mods/kapitel6.js","521","k6_anrufLucy","",""
"DLG_kapitel6_0033","LUCYS STIMME?","lucy","„Großer …“","2400","app/mods/kapitel6.js","524","k6_anrufLucy","",""
"DLG_kapitel6_0034","HOFER?","hofer","„Ich hab Hunger, Junge.“","2800","app/mods/kapitel6.js","524","k6_anrufLucy","",""
"DLG_kapitel6_0035","DU","luke","„Diesmal nicht.“","2200","app/mods/kapitel6.js","526","k6_anrufLucy","",""
"DLG_kapitel6_0036","","","LUCY · Verpasste Anrufe: {…}","700","app/mods/kapitel6.js","527","k6_anrufLucy","",""
"DLG_kapitel6_0037","","","Dann ist es still.","2200","app/mods/kapitel6.js","528","k6_anrufLucy","",""
"DLG_kapitel6_0038","LUKE","","H. Hofer. Von damals. Sie war schon mal da. Und Whiskey auch.","4000","app/mods/kapitel6.js","538","k6_handschuhfach","",""
"DLG_kapitel6_0039","ANNI?","anni","„Papa? Papa, ich bin’s.“","","app/mods/kapitel6.js","584","k6_jagdStimme","",""
"DLG_kapitel6_0040","LUCYS STIMME?","lucy","„Großer …“","","app/mods/kapitel6.js","584","k6_jagdStimme","",""
"DLG_kapitel6_0041","HOFER?","hofer","„Nachtschicht, Junge. Ich muss mal raus. Ich hab Hunger.“","","app/mods/kapitel6.js","584","k6_jagdStimme","",""
"DLG_kapitel6_0042","DEINE STIMME?","luke","„Luke?“","","app/mods/kapitel6.js","585","k6_jagdStimme","",""
"DLG_kapitel6_0043","LUKE","","„Whiskey!“","1400","app/mods/kapitel6.js","600","k6_epilog","epilog",""
"DLG_kapitel6_0044","","","„… Whiskey …“","1800","app/mods/kapitel6.js","600","k6_epilog","epilog",""
"DLG_kapitel6_0045","LUKE","","Ein Echo. Da ist wieder ein Echo.","2600","app/mods/kapitel6.js","600","k6_epilog","epilog",""
"DLG_kapitel6_0046","","","Whiskey wartet auf dich.","2600","app/mods/kapitel6.js","606","k6_guide","hochsitz",""
"DLG_kapitel6_0047","LUKE","","Nicht hinsehen.","2400","app/mods/kapitel6.js","626","k6_hochsitz","oben",""
"DLG_kapitel6_0048","ECHTER LUKE","luke_echt","Du bist mir nachgekommen.","2600","app/mods/kapitel6.js","630","k6_hochsitz","oben",""
"DLG_kapitel6_0049","ECHTER LUKE","luke_echt","Das hat noch keiner.","2400","app/mods/kapitel6.js","630","k6_hochsitz","oben",""
"DLG_kapitel6_0050","ECHTER LUKE","luke_echt","Versprochen ist versprochen.","2600","app/mods/kapitel6.js","632","k6_hochsitz","oben",""
"DLG_kapitel6_0051","ECHTER LUKE","luke_echt","Den hab ich gemacht. Vor Jahren. Für dich. Damit du auch einen Platz hast.","4400","app/mods/kapitel6.js","633","k6_hochsitz","oben",""
"DLG_kapitel6_0052","ECHTER LUKE","luke_echt","Wenn ich heimgeh, musst du gehen. Einer von uns ist immer übrig.","4600","app/mods/kapitel6.js","634","k6_hochsitz","oben",""
"DLG_kapitel6_0053","ECHTER LUKE","luke_echt","Sie spielt nur mit einem Luke.","2600","app/mods/kapitel6.js","634","k6_hochsitz","oben",""
"DLG_kapitel6_0054","ECHTER LUKE","luke_echt","Mama ist drin. Sie wartet an der Kette, bis ich wiederkomm. Sie hat gesagt, ich soll dich nicht ansehen, sonst wird’s dir schlecht.","5600","app/mods/kapitel6.js","635","k6_hochsitz","oben",""
"DLG_kapitel6_0055","ECHTER LUKE","luke_echt","Ich hab dich trotzdem einmal angeguckt. Bei Vegas, durchs Fenster. Du guckst wie ich, wenn ich lüg.","5200","app/mods/kapitel6.js","635","k6_hochsitz","oben",""
"DLG_kapitel6_0056","ECHTER LUKE","luke_echt","Du zitterst ja.","2200","app/mods/kapitel6.js","641","k6_hochsitz","oben",""
"DLG_kapitel6_0057","ECHTER LUKE","luke_echt","Die ist warm.","2200","app/mods/kapitel6.js","643","k6_hochsitz","oben",""
"DLG_kapitel6_0058","ECHTER LUKE","luke_echt","Meine hängt an der Vogelscheuche. Jetzt hab ich deine. Gerecht.","4400","app/mods/kapitel6.js","644","k6_hochsitz","oben",""
"DLG_kapitel6_0059","ECHTER LUKE","luke_echt","Der Vogel hat dir was mitgebracht. Aus drinnen. Er darf da rein und raus. Ich nicht.","4600","app/mods/kapitel6.js","647","k6_hochsitz","oben",""
"DLG_kapitel6_0060","ECHTER LUKE","luke_echt","Soll ich vorlesen? Ich kann das. Ich hab’s in der Schule gelernt, bevor …","4200","app/mods/kapitel6.js","647","k6_hochsitz","oben",""
"DLG_kapitel6_0061","ECHTER LUKE","luke_echt","Da steht dein Name. Luke. Er hat dich beim Namen geschrieben.","4200","app/mods/kapitel6.js","650","k6_hochsitz","oben",""
"DLG_kapitel6_0062","ECHTER LUKE","luke_echt","Meinen auch. Ist ja derselbe.","2800","app/mods/kapitel6.js","650","k6_hochsitz","oben",""
"DLG_kapitel6_0063","ECHTER LUKE","luke_echt","Das sagt er manchmal. Drinnen. Dann geht sie hin und guckt, und er ist schon weg.","4800","app/mods/kapitel6.js","653","k6_hochsitz","oben",""
"DLG_kapitel6_0064","ECHTER LUKE","luke_echt","Sie hat Papa fast. Sie hat mich. Lucy hat sie zurückgegeben.","4400","app/mods/kapitel6.js","655","k6_hochsitz","oben",""
"DLG_kapitel6_0065","ECHTER LUKE","luke_echt","Sie sucht nur noch einen. Das Stück von Papa, das draußen rumläuft.","4600","app/mods/kapitel6.js","656","k6_hochsitz","oben",""
"DLG_kapitel6_0066","ECHTER LUKE","luke_echt","Das Spiel ist erst aus, wenn alle gefunden sind.","3600","app/mods/kapitel6.js","657","k6_hochsitz","oben",""
"DLG_kapitel6_0067","ECHTER LUKE","luke_echt","Geht nicht. Das ist nicht mehr meins.","3200","app/mods/kapitel6.js","665","k6_zweiLukes","oben",""
"DLG_kapitel6_0068","ECHTER LUKE","luke_echt","Du hast es getragen. Jetzt hat es deine Form. Wie ein Schuh.","4400","app/mods/kapitel6.js","665","k6_zweiLukes","oben",""
"DLG_kapitel6_0069","ECHTER LUKE","luke_echt","Das sagen Große immer, wenn sie nichts finden.","3600","app/mods/kapitel6.js","666","k6_zweiLukes","oben",""
"DLG_kapitel6_0070","ECHTER LUKE","luke_echt","Siehst du. Du weißt es auch nicht. Gut. Dann lügst du wenigstens nicht.","5000","app/mods/kapitel6.js","667","k6_zweiLukes","oben",""
"DLG_kapitel6_0071","ANNI?","anni","„Gleich wieder da.“","3.4","app/mods/kapitel6.js","693","k6_kinoDef","",""
"DLG_kapitel6_0072","WOLTER","wolter","„Es hat nie gegen das Licht gewirkt. Das ist bedauerlich.“","2.2","app/mods/kapitel6.js","707","k6_kinoDef","",""
"DLG_kapitel6_0073","LUKE","","Du sagst gar nichts. Das ist neu. Das gefällt mir nicht.","3400","app/mods/kapitel6.js","761","k6_start1","krumen",""
"DLG_kapitel6_0074","LUKE","","Okay. Verstanden. Du bleibst hier und hältst den Spielplatz.","3200","app/mods/kapitel6.js","763","k6_start1","krumen",""
"DLG_katzen_0001","ANNI","anni","GRETE","","app/mods/katzen.js","421","katzen_auto","frei",""
"DLG_katzen_0002","ANNI","anni","GRETE","","app/mods/katzen.js","422","katzen_auto","frei",""
"DLG_katzen_0003","ANNI","anni","GRETE","","app/mods/katzen.js","423","katzen_auto","frei",""
"DLG_kiffen_0001","LUKE","","Nur Funken. Der Stein ist alt.","1800","app/mods/kiffen.js","458","kf_handDreh","",""
"DLG_kiffen_0002","LUKE","","Okay. Langsam.","1800","app/mods/kiffen.js","521","kf_husten","",""
"DLG_kiffen_0003","LUKE","","Sehr witzig.","1800","app/mods/kiffen.js","526","kf_husten","",""
"DLG_kiffen_0004","LARS VEGAS","vegas","„Riecht wie fünfundsiebzig. Nur ohne die Herren.“","3600","app/mods/kiffen.js","532","kf_vegas","",""
"DLG_kiffen_0005","","","„Für Peter. Damit du im Dunkeln nicht allein bist. – M.“","4200","app/mods/kiffen.js","560","kf_schrittTick","",""
"DLG_kiffen_0006","LUKE","","Ich brauch fünf Minuten. Nur fünf.","3200","app/mods/kiffen.js","680","kiffen_start","",""
"DLG_kiffen_0007","LARS VEGAS","vegas","„Tips? Nimm den Pappdeckel von den Streichhölzern. Hab ich ’75 auch so gemacht.“","4200","app/mods/kiffen.js","688","kf_vegasTips","",""
"DLG_kiffen_0008","","","tips","","app/mods/kiffen.js","689","kf_vegasTips","",""
"DLG_kiffen_0009","","","grinder","","app/mods/kiffen.js","712","kf_fundeBau","",""
"DLG_kiffen_0010","","","papes","","app/mods/kiffen.js","712","kf_fundeBau","",""
"DLG_kiffen_0011","","","knolle","","app/mods/kiffen.js","713","kf_fundeBau","",""
"DLG_kiffen_0012","LARS VEGAS","vegas","„Tips? Nimm den Pappdeckel von den Streichhölzern. Hab ich ’75 auch so gemacht.“","4200","app/mods/kiffen.js","723","kiffen_fund","",""
"DLG_kiffen_0013","","","tips","","app/mods/kiffen.js","723","kiffen_fund","",""
"DLG_kiffen_0014","","","papes","","app/mods/kiffen.js","725","kiffen_fund","",""
"DLG_kiffen_0015","","","grinder","","app/mods/kiffen.js","726","kiffen_fund","",""
"DLG_kino_0001","","","Mitten auf der Straße steht jemand. Im Nachthemd. Frau Wendt?","","app/mods/kino.js","831","kino_defK1","",""
"DLG_kino_0002","","","Du hast sie rausgelassen.","","app/mods/kino.js","839","kino_defK1","",""
"DLG_kino_0003","HILDE","hilde","In den Keller! Unter der Erde sieht sie dich nicht!","0.6","app/mods/kino.js","852","kino_defK1","",""
"DLG_kino_0004","HILDE","hilde","Hinter die Bilder! Lucy!","3.4","app/mods/kino.js","852","kino_defK1","",""
"DLG_kino_0005","DAS KIND","luna","Ich seh dich gleich …","3200","app/mods/kino.js","890","","",""
"DLG_kino_0006","LUCY · IM TANK","lucy","Mach die Augen zu!","0.05","app/mods/kino.js","1044","kino_defK2","",""
"DLG_kino_0007","","","Das hilft bei dir nicht, Bruder.","","app/mods/kino.js","1053","kino_defK2","",""
"DLG_kino_0008","","","Ich seh ja durch dich.","","app/mods/kino.js","1054","kino_defK2","",""
"DLG_kino_0009","PETER","peter","Bruder.","0.1","app/mods/kino.js","1122","","",""
"DLG_kino_0010","","","Blinde Kuh …","","app/mods/kino.js","1188","kino_defK3","",""
"DLG_kino_0011","LUKE","","Ich hab nicht geblinzelt. Das war nicht ich.","1.2","app/mods/kino.js","1321","kino_defK3b","",""
"DLG_kino_0012","LUNA","luna","Guck mal. Ich mach die Augen zu, und du auch.","1.4","app/mods/kino.js","1323","kino_defK3b","",""
"DLG_kino_0013","LUKE","","Wenn sie durch mich guckt, guckt sie auch weg, wenn ich wegguck. Mach die Augen –","0.6","app/mods/kino.js","1326","kino_defK3b","",""
"DLG_kino_0014","JUSTIN","justin","Nicht loslassen. Und nicht die andere geben. Sieh mich an.","2.2","app/mods/kino.js","1329","kino_defK3b","",""
"DLG_kino_0015","","","Ansehen","","app/mods/kino.js","1334","kino_defK3b","",""
"DLG_kino_0016","LUNA","luna","Das war Schummeln. Aber ich hab’s nicht gemerkt, wer.","0.8","app/mods/kino.js","1335","kino_defK3b","",""
"DLG_kino_0017","","","Vier. Fünf. Sechs.","","app/mods/kino.js","1365","kino_defK3Abspann","",""
"DLG_kino_0018","","","… sieben …","","app/mods/kino.js","1365","kino_defK3Abspann","",""
"DLG_kino_0019","LUCY","lucy","Guck nicht so. Ich bin’s.","2","app/mods/kino.js","1379","kino_defK3Abspann","",""
"DLG_kino_0020","LUKE","","Nein. Hab ich mir eingebildet. Ich bin seit zwanzig Stunden wach.","4.95","app/mods/kino.js","1379","kino_defK3Abspann","",""
"DLG_kino_0021","VEGAS","vegas","Mädchen. Himmelherrgott. Du bist ja pitschnass.","4.2","app/mods/kino.js","1384","kino_defK3Abspann","",""
"DLG_kino_0022","VEGAS","vegas","Wo warst du denn, im Gully?","1.2","app/mods/kino.js","1392","kino_defK3Abspann","",""
"DLG_kino_0023","LUCY","lucy","Fast.","4.3","app/mods/kino.js","1392","kino_defK3Abspann","",""
"DLG_kino_0024","LUCY","lucy","Hallo, du. Du hast ihn ja doch hergebracht.","1.8","app/mods/kino.js","1399","kino_defK3Abspann","",""
"DLG_kino_0025","LUKE","","… Ich hab dich auch vermisst.","2.1","app/mods/kino.js","1405","kino_defK3Abspann","",""
"DLG_kino_0026","LUKE","","Hast du gewartet? … Du hast gewartet.","3.4","app/mods/kino.js","1414","kino_defK3Abspann","",""
"DLG_kino_0027","DER RABE","mira","Deine Aufgabe: Finde Lucy. Haus Nummer 7. Der Keller.","0.6","app/mods/kino.js","1442","kino_defProlog","",""
"DLG_kino_0028","DER RABE","mira","Finde heraus, was hier geschehen ist. Und wer du bist.","0.3","app/mods/kino.js","1446","kino_defProlog","",""
"DLG_kino_0029","","","… sechzehn …","","app/mods/kino.js","1452","kino_defProlog","",""
"DLG_kino_0030","DER RABE","mira","Kum, Wîse. – alt für „Komm, Wîse.“","1.3","app/mods/kino.js","1460","kino_defProlog","",""
"DLG_kino_0031","LUCY","lucy","„Großer.“","4.4","app/mods/kino.js","1539","kino_defVorbereitet","",""
"DLG_kino_0032","LUCY","lucy","„Guck nicht. Ich guck für dich.“","1","app/mods/kino.js","1558","kino_defVorbereitet","",""
"DLG_kirchberg_0001","EINE FRAUENSTIMME","","„Er ist noch nicht heim. Er war doch nur kurz Laterne laufen.“","3600","app/mods/kirchberg.js","241","kirchberg_klopfen","",""
"DLG_kirchberg_0002","GISELA","gisela","Die sehen was. Ich seh nix. Sie?","2600","app/mods/kirchberg.js","244","kirchberg_klopfen","",""
"DLG_kirchberg_0003","LUKE","","Ich seh eine Regentonne.","1800","app/mods/kirchberg.js","244","kirchberg_klopfen","",""
"DLG_kirchberg_0004","GISELA","gisela","Dann sind Sie so blind wie ich. Wollen Sie einen Kaffee? Der Vogel kriegt keinen.","3400","app/mods/kirchberg.js","244","kirchberg_klopfen","",""
"DLG_kirchberg_0005","GISELA","gisela","Du bist der Brandt-Junge. Sag nix. Du hast das Kinn von deiner Oma und den Gang von jemand, dem die Schuhe nicht gehören.","5200","app/mods/kirchberg.js","245","kirchberg_klopfen","",""
"DLG_kirchberg_0006","GISELA","gisela","Vier sind weg. Immer wenn es so nebelt, laufen die weg und setzen sich irgendwo hin und glotzen.","4200","app/mods/kirchberg.js","246","kirchberg_klopfen","",""
"DLG_kirchberg_0007","GISELA","gisela","Bring sie mir. Die Anni, den Zayn, die Grete und den Keiner. Der Keiner ist der Dünne. Der heißt so, weil keiner gesagt hat, wie er heißt.","5600","app/mods/kirchberg.js","247","kirchberg_klopfen","",""
"DLG_kirchberg_0008","GISELA","gisela","Er war doch nur kurz Laterne laufen.","2600","app/mods/kirchberg.js","249","kirchberg_klopfen","",""
"DLG_kirchberg_0009","GISELA","gisela","Die anderen sitzen, wo sie hingehören. Der Hänschen geht, wohin er will.","3400","app/mods/kirchberg.js","250","kirchberg_klopfen","",""
"DLG_kirchberg_0010","GISELA","gisela","Der saß an dem Tisch da. Hat die Handschuhe beim Kaffee angelassen. Meine Mutter fand das unhöflich. Und dann hat sie unterschrieben.","6000","app/mods/kirchberg.js","259","kirchberg_giselaNachfrage","",""
"DLG_kirchberg_0011","GISELA","gisela","Der ist nicht tot. Der ist im Nebel. Das ist ein Unterschied, den ihr Städter nicht kennt. Ich mach ihm jeden Abend das Licht an. Zwölf Euro im Monat, der Herr Pfarrer.","7000","app/mods/kirchberg.js","260","kirchberg_giselaNachfrage","",""
"DLG_kirchberg_0012","GISELA","gisela","Der älteste Name im Buch vom Pfarrer. Frag den Pfarrer.","3000","app/mods/kirchberg.js","261","kirchberg_giselaNachfrage","",""
"DLG_kirchberg_0013","GISELA","gisela","Nachts kommt hier keiner rein, nicht mal ich.","2600","app/mods/kirchberg.js","262","kirchberg_giselaNachfrage","",""
"DLG_kirchberg_0014","GISELA","gisela","Noch {…}. Die sitzen irgendwo und glotzen. Guck, wo die hingucken.","3400","app/mods/kirchberg.js","263","kirchberg_giselaNachfrage","",""
"DLG_kirchberg_0015","KEINER","","ANNI","","app/mods/kirchberg.js","268","kirchberg_zurueck","",""
"DLG_kirchberg_0016","LUKE","","Ein Kater namens Zayn, der nicht runterkommt. Jonas würde durchdrehen.","3800","app/mods/kirchberg.js","277","kirchberg_katzeNehmen","",""
"DLG_kirchberg_0017","VEIT","","LUNA","","app/mods/kirchberg.js","287","kirchberg_lawine","",""
"DLG_kirchberg_0018","GISELA","gisela","„Nicht die Lampe beißen, Junge, die ist nicht aus Wurst.“","3400","app/mods/kirchberg.js","288","kirchberg_lawine","",""
"DLG_kirchberg_0019","GISELA","gisela","Damit du die anderen dreizehn nicht auch noch verwechselst.","3000","app/mods/kirchberg.js","292","kirchberg_naepfeFinale","",""
"DLG_kirchberg_0020","GISELA","gisela","Und die hier. Für den Weg.","2000","app/mods/kirchberg.js","294","kirchberg_naepfeFinale","",""
"DLG_kirchberg_0021","GISELA","gisela","Den hat der mit den Handschuhen verloren. Achtundfünfzig. Schreibt noch.","3800","app/mods/kirchberg.js","295","kirchberg_naepfeFinale","",""
"DLG_kirchberg_0022","","","Ein Flattern. Der Kuli ist weg. Auf dem Zaunpfahl sitzt der Rabe und hält ihn im Schnabel.","4200","app/mods/kirchberg.js","298","kirchberg_naepfeFinale","",""
"DLG_kirchberg_0023","LUKE","","Sie haben eine Katze nach meiner Schwester benannt.","2600","app/mods/kirchberg.js","303","kirchberg_listeNotiz","",""
"DLG_kirchberg_0024","GISELA","gisela","Die ist mir zugelaufen, am Tag, als das Plakat kam. Die suchen sich den Namen selber aus, ich hab da nix zu melden.","5200","app/mods/kirchberg.js","303","kirchberg_listeNotiz","",""
"DLG_kirchberg_0025","LUKE","","Das Lied bringt Kindern bei, dass man abends die Lampe ausmacht. Mit Reim. Clever. Und gruselig.","4200","app/mods/kirchberg.js","362","kirchberg_nische","",""
"DLG_kirchberg_0026","LUKE","","Der Bettler hat keinen Arm. Sankt Martin hat nur den halben Mantel. Hier kriegt keiner was Ganzes.","4200","app/mods/kirchberg.js","362","kirchberg_nische","",""
"DLG_kirchberg_0027","LUKE","","Der steht am Rand wie einer, der zu spät gekommen ist.","3800","app/mods/kirchberg.js","367","kirchberg_fenster","",""
"DLG_kirchberg_0028","LUKE","","Wer pumpt einem Toten die Reifen?","3000","app/mods/kirchberg.js","620","kirchberg_pfarrAussen","",""
"DLG_kirchberg_0029","","","Bevor du zugreifst, ist er weg. Der Rabe.","2600","app/mods/kirchberg.js","747","kirchberg_save","",""
"DLG_kirchberg_0030","","","Keiner klettert dir auf den Kopf. Die Lampe rutscht dir aus der Hand –","2600","app/mods/kirchberg.js","772","kirchberg_keinerKopf","",""
"DLG_kirchberg_0031","","","Nichts. Ein Kiesel, irgendwo.","2200","app/mods/kirchberg.js","774","kirchberg_keinerKopf","",""
"DLG_leben_0001","","","Acht Krähen auf dem Draht. Im gleichen Abstand, wie abgezählt. Alle sehen zu dir.","4200","app/mods/leben.js","326","leben_crowTick","circle",""
"DLG_leben_0002","","","Ein Hund, irgendwo hinter den Höfen. Er klingt wie Bruno. Dann – nichts mehr.","4600","app/mods/leben.js","1024","leben_clockTick","",""
"DLG_lucy3_0001","KINDERSTIMME","luna","„… siebzehn. Ich komme!“","3000","app/mods/lucy3.js","135","lucy3_opening","",""
"DLG_lucy3_0002","","","Elf Anrufe. Diesmal geh ich ran.","3200","app/mods/lucy3.js","138","lucy3_opening","",""
"DLG_lucy3_0003","LUKE","","Der Tag, an dem sie kam. Den Tag hab ich heute Nacht schon mal irgendwo eingetippt.","","app/mods/lucy3.js","203","lucy3_radioPuzzle","",""
"DLG_lucy3_0004","AMTSSTIMME","lautsprecher","„Hier Außenstelle Lost Eyengless. Zyklus siebzehn. Alle Kinder bitte an ihre Plätze.“","4600","app/mods/lucy3.js","219","lucy3_broadcast","",""
"DLG_lucy3_0005","HASENBROT","","FLOCKE","","app/mods/lucy3.js","232","lucy3_lukeGedanke","",""
"DLG_lucy3_0006","LUKE","","Eine von beiden hört durch mich mit. Was weiß Lucy, das ich nie laut gesagt hab?","","app/mods/lucy3.js","292","lucy3_ask","",""
"DLG_lucy3_0007","LUCY · KANAL B","lucy","„Sie hat die Lampen ausgeblasen, wie sie uns geholt hat. Mach’s genauso. Dann denkt sie, es ist ihr eigenes Spiel.“","5600","app/mods/lucy3.js","317","lucy3_win","",""
"DLG_lucy3_0008","LUCY · KANAL B","lucy","„Vor unseren Häusern. In ihrer Reihenfolge. Hilde hat aufgeschrieben, wann.“","4600","app/mods/lucy3.js","318","lucy3_win","",""
"DLG_lucy3_0009","","","Lucy, ich –","1400","app/mods/lucy3.js","321","lucy3_win","",""
"DLG_lucy3_0010","LUCY · KANAL B","lucy","„Großer. Ich hör dich atmen. Hör nicht auf damit.“","4200","app/mods/lucy3.js","321","lucy3_win","",""
"DLG_lucy3_0011","","","„Stimmen kann sie nachmachen. Was nie gesagt wurde, nicht.“","4200","app/mods/lucy3.js","339","lucy3_fail","",""
"DLG_lucy3_0012","FRAU REUTER, 2009","","„Wenn's denn sein muss.“","3000","app/mods/lucy3.js","351","lucy3_blink","",""
"DLG_lucy3_0013","VEGAS, 2009","vegas","„Für Mike. Gott vergib mir.“","3000","app/mods/lucy3.js","352","lucy3_blink","",""
"DLG_lucy3_0014","HILDE WENDT, 2009","hilde","„Das Los ist das Los.“","3000","app/mods/lucy3.js","354","lucy3_blink","",""
"DLG_lucy3_0015","KINDERSTIMME","luna","„vier … drei …“","2600","app/mods/lucy3.js","379","lucy3_enger","",""
"DLG_lucy3_0016","","","Falsch. So hat sie sie nicht geholt.","3400","app/mods/lucy3.js","386","lucy3_wrongSwitch","",""
"DLG_lucy3_0017","LUKE","","Wie die Post. Sehr witzig, Herr Wolter.","3000","app/mods/lucy3.js","387","lucy3_wrongSwitch","",""
"DLG_lucy3_0018","LUKE","","Juni, Juli, Oktober. Die hat nicht nach Hausnummern geholt. Nach Kalender.","4400","app/mods/lucy3.js","390","lucy3_wrongSwitch","",""
"DLG_lucy3_0019","LUCY · FUNK","lucy","„Hilde hat als Letzte unterschrieben. Sie hat sie als Letzte geholt.“","4400","app/mods/lucy3.js","393","lucy3_wrongSwitch","",""
"DLG_lucy3_0020","","","„Fang bei der an, die zuerst gegangen ist. Die mit dem Feuer.“","4000","app/mods/lucy3.js","394","lucy3_wrongSwitch","",""
"DLG_lucy3_0021","","","Von innen geschrieben. Da sitzt keiner.","3600","app/mods/lucy3.js","475","lucy3_lookTop","",""
"DLG_lucy3_0022","","","Lucy. Sie ist halb hier.","3200","app/mods/lucy3.js","475","lucy3_lookTop","",""
"DLG_lucy3_0023","","","Darunter, älter, halb weggewischt: HASEN… Den Rest hat jemand mit dem Ärmel weggemacht.","5200","app/mods/lucy3.js","477","lucy3_lookLow","",""
"DLG_lucy3_0024","LUKE","","Unser Wort. Nie laut gesagt. Nur an Scheiben geschrieben.","4200","app/mods/lucy3.js","478","lucy3_lookLow","",""
"DLG_lwo_0001","LUKE","","AG-02","","app/mods/lwo.js","672","lwo_ag02","",""
"DLG_lwo_0002","","","„Nachts läuft man hier nicht weit.“","2800","app/mods/lwo.js","676","lwo_ag02","",""
"DLG_lwo_0003","","","Dein Handy. Unbekannte Nummer.","2600","app/mods/lwo.js","750","lwo_v03","",""
"DLG_lwo_0004","","","… Atmen.","5000","app/mods/lwo.js","751","lwo_v03","",""
"DLG_lwo_0005","","","Klick.","1400","app/mods/lwo.js","752","lwo_v03","",""
"DLG_lwo_0006","","","Es klingelt gleich noch einmal. Auf dem Display steht: MAMA.","4200","app/mods/lwo.js","753","lwo_v03","",""
"DLG_lwo_0007","","","Du nimmst nicht ab.","2400","app/mods/lwo.js","753","lwo_v03","",""
"DLG_lwo_0008","","","Klick.","1400","app/mods/lwo.js","765","lwo_v15","",""
"DLG_lwo_0009","","","Von der Seite des Bergungsschachts: das Rasseln von Kettenrollen. Zwei grelle Lampen.","4200","app/mods/lwo.js","852","kette","",""
"DLG_lwo_0010","LUKE","","AG-07","","app/mods/lwo.js","857","kette","",""
"DLG_lwo_0011","LUKE","","AG-09","","app/mods/lwo.js","907","lwo_ag09","",""
"DLG_lwo_0012","LUKE","","AG-10","","app/mods/lwo.js","939","lwo_ag10","",""
"DLG_lwo_0013","LUKE","","AG-08","","app/mods/lwo.js","953","lwo_ag08","",""
"DLG_lwo_0014","LUKE","","Die stehen da wie Leute am Bahnsteig. Nur dass sie den Zug festhalten wollen.","4400","app/mods/lwo.js","955","lwo_ag08","",""
"DLG_lwo_0015","","","„Wenn es aufgeht, fällt etwas ab, wie Schorf. Das sammeln sie. Früher kamen Leute mit Körben. Die hier haben Ketten.“","5800","app/mods/lwo.js","956","lwo_ag08","",""
"DLG_lwo_0016","","","Wissen die, dass da drin ein Kind ist?","2400","app/mods/lwo.js","956","lwo_ag08","",""
"DLG_lwo_0017","","","„Sie wissen, dass da drin etwas ist. Für sie ist es ein Wolf.“","3600","app/mods/lwo.js","956","lwo_ag08","",""
"DLG_neben3_0001","","","„Wenn die Glocke so schlägt, bleibt sie stehen und hört hin. Wie ein Kind, das seinen Namen hört.“","5200","app/mods/neben3.js","82","neben3_glockeFang","",""
"DLG_neben3_0002","LUKE","","Ein halber Mond. In der Hand.","3000","app/mods/neben3.js","105","neben3_fuesse","",""
"DLG_neben3_0003","","","„Blitz verboten. Ich hab eine Taschenlampe. Das ist Dauerlicht. Das ist was ganz anderes.“","4600","app/mods/neben3.js","254","neben3_fuehrer","",""
"DLG_neben3_0004","","","„Engel. Mit Mantel. Klar.“","2600","app/mods/neben3.js","254","neben3_fuehrer","",""
"DLG_neben3_0005","","","„Sie haben ein Fest daraus gemacht.“","3200","app/mods/neben3.js","255","neben3_fuehrer","",""
"DLG_neben3_0006","LUKE","","Aus der Hand gegangen. Die Frau. Das Kind. Alles.","4200","app/mods/neben3.js","258","neben3_suehne","",""
"DLG_neben3_0007","","","(summt)","3400","app/mods/neben3.js","264","neben3_summen","",""
"DLG_neben3_0008","","","„Wenn die Glocke so schlägt, bleibt sie stehen und hört hin. Wie ein Kind, das seinen Namen hört.“","5200","app/mods/neben3.js","276","neben3_seilPruefen","",""
"DLG_neben3_0009","LUKE","","RH-6","","app/mods/neben3.js","291","neben3_kapTick","",""
"DLG_neben3_0010","","","„Licht aus, und nur zwei Sachen leuchten. Das Loch, in das die Kinder gehen. Und das, was die drei ihm geben. Das ist dasselbe Zeug.“","6400","app/mods/neben3.js","291","neben3_kapTick","",""
"DLG_neben3_0011","","","„In die Kapelle darf jeder.“","2800","app/mods/neben3.js","298","neben3_kapRein","",""
"DLG_neben3_0012","LUKE","","Wieder ein Doppelstrich. Der hat das an einem Abend gemacht.","3800","app/mods/neben3.js","362","neben3_mappe","",""
"DLG_neben3_0013","DU","luke","„Zwölf Jahre, ein Kuli. Das ist keine Notiz. Das ist ein Schnitt.“","4200","app/mods/neben3.js","363","neben3_mappe","",""
"DLG_neben3_0014","","","„Na super. Wir sind Gründungsmitglied.“","3200","app/mods/neben3.js","379","neben3_sockel","",""
"DLG_neben3_0015","LUKE","","RH-7","","app/mods/neben3.js","379","neben3_sockel","",""
"DLG_neben3_0016","LUKE","","Braune Augen. Peter hatte sie. Ich hab sie. Wessen Augen sind das?","4600","app/mods/neben3.js","417","neben3_sb05","",""
"DLG_neben3_0017","","","„Oma. Auf Sendung, auch mit Zettel.“","3000","app/mods/neben3.js","421","neben3_rekorder","",""
"DLG_neben3_0018","MARION","mama","„Peter. Ich bin’s. Die zwei wollen dir Hallo sagen.“","3800","app/mods/neben3.js","425","neben3_rekorder","",""
"DLG_neben3_0019","LUCY","lucy","„Hallo Onkel Peter! Luke, jetzt du! Laut!“","3400","app/mods/neben3.js","425","neben3_rekorder","",""
"DLG_neben3_0020","JUNGE","","„… Hallo.“","2200","app/mods/neben3.js","425","neben3_rekorder","",""
"DLG_neben3_0021","","","„Das ist nicht meine Stimme.“","3000","app/mods/neben3.js","426","neben3_rekorder","",""
"DLG_neben3_0022","","","„Vier Katzen laufen hinter nichts her. Das ist entweder ein Wunder oder ein Katzending.“","4600","app/mods/neben3.js","446","neben3_naepfeTick","",""
"DLG_neben3_0023","ANNI","anni","GRETE","","app/mods/neben3.js","447","neben3_naepfeTick","",""
"DLG_neben3_0024","","","„Setz dich. Der da in der Ecke ist dein Freund, glaub ich. Die Katzen fauchen nicht. Die gucken bloß.“","5200","app/mods/neben3.js","481","neben3_giselaWach","",""
"DLG_neben3_0025","","","„Vorhin stand einer an der Bushaltestelle. Grauer Mantel, Handschuhe, Thermoskanne. Der saß an diesem Tisch, als Hänschen weg war. Der hat sich nicht verändert. Das ist nicht gesund.“","8200","app/mods/neben3.js","482","neben3_giselaWach","",""
"DLG_neben3_0026","","","„Sie kennen ihn?“","1800","app/mods/neben3.js","486","neben3_giselaWach","",""
"DLG_neben3_0027","","","„Ich kenn seine Handschuhe. Die hat er beim Kaffee nicht ausgezogen. Meine Mutter fand das unhöflich. Und dann hat sie unterschrieben.“","7000","app/mods/neben3.js","486","neben3_giselaWach","",""
"DLG_neben3_0028","","","„Er war doch nur kurz Laterne laufen. Dann brachten die einen zurück, der sah aus wie er. Ich hab gesagt: Mama, das ist nicht der Hans.“","7200","app/mods/neben3.js","488","neben3_giselaWach","",""
"DLG_neben3_0029","","","„Er hatte graue Augen. Hänschen hatte braune.“","3600","app/mods/neben3.js","489","neben3_giselaWach","",""
"DLG_neben3_0030","","","Sie schiebt dir den Blechteller mit dem Brot hin und zieht ihn wieder weg.","3600","app/mods/neben3.js","489","neben3_giselaWach","",""
"DLG_neben3_0031","","","„Nicht das. Das ist seins.“","2600","app/mods/neben3.js","489","neben3_giselaWach","",""
"DLG_neben3_0032","","","„Der älteste Name. Der Pfarrer hat gesagt, das Kind steht ganz vorn im Buch.“","4400","app/mods/neben3.js","491","neben3_giselaWach","",""
"DLG_neben3_0033","LUKE","","Luna. Nicht Lucy.","2400","app/mods/neben3.js","491","neben3_giselaWach","",""
"DLG_neben3_0034","","","„Ich hab Marion getroffen, damals, mit dir an der Hand. Ich hab dir ins Gesicht geguckt. Und dann hab ich nach dem Wetter gefragt.“","7000","app/mods/neben3.js","492","neben3_giselaWach","",""
"DLG_neben3_0035","","","„Ich hab Marion getroffen, damals, mit dir an der Hand. Ich hab dir ins Gesicht geguckt. Und dann hab ich nach dem Wetter gefragt.“","7000","app/mods/neben3.js","493","neben3_giselaWach","",""
"DLG_neben3_0036","","","„Hier. Pfarrhaus. Den von der Kapelle hat der Lars. Frag mich nicht, wieso. Doch, frag: Weil er ihn geklaut hat.“","6400","app/mods/neben3.js","494","neben3_giselaWach","",""
"DLG_neben3_0037","","","„Wer pumpt einem Toten die Reifen?“","2800","app/mods/neben3.js","505","neben3_radHuelle","",""
"DLG_neben3_0038","","","„Unter der Erde sieht sie keinen. Das heißt auch: Da unten hört sie mich nicht. Geh du. Ich halte den Deckel.“","5800","app/mods/neben3.js","555","neben3_gully","",""
"DLG_neben3_0039","","","„Wir waren hier. Nein. Wir haben nur durch die Schlitze geguckt. Runter hat sich keiner getraut.“","5200","app/mods/neben3.js","560","neben3_kanalBau","",""
"DLG_neben3_0040","","","Weit unten liegt ein Licht, groß und ruhig. Es flackert nicht.","3600","app/mods/neben3.js","565","neben3_kanalBau","",""
"DLG_neben3_0041","","","„Außenstelle drei. Also gibt’s mindestens drei. Super.“","3400","app/mods/neben3.js","570","neben3_kiste","",""
"DLG_neben3_0042","LUKE","","RH-9","","app/mods/neben3.js","578","neben3_kanalTick","",""
"DLG_neben3_0043","","","„Das hat gedauert.“","2600","app/mods/neben3.js","579","neben3_kanalTick","",""
"DLG_neben3_0044","","","stein","0","app/mods/neben3.js","586","stelle","",""
"DLG_neben3_0045","","","LUKE BRANDT · 2009 – 2026. Grauer Granit, die Kanten scharf.","3600","app/mods/neben3.js","586","neben3_heimBau","",""
"DLG_neben3_0046","","","„Zweitausendneun. Nicht mein Geburtsjahr. Das, in dem ich … angefangen hab.“","4600","app/mods/neben3.js","586","neben3_heimBau","",""
"DLG_neben3_0047","","","kreide","0.95","app/mods/neben3.js","587","stelle","",""
"DLG_neben3_0048","","","„Kinderkreide. Frisch. Heimgehen. Wer schreibt so was an ein Grab?“","4000","app/mods/neben3.js","587","neben3_heimBau","",""
"DLG_neben3_0049","","","schuh","0","app/mods/neben3.js","588","stelle","",""
"DLG_neben3_0050","","","Ein Kinderschuh, Größe 33, rechts, Klettverschluss.","3200","app/mods/neben3.js","588","neben3_heimBau","",""
"DLG_neben3_0051","","","„Nur einer.“","1800","app/mods/neben3.js","588","neben3_heimBau","",""
"DLG_neben3_0052","","","knie","","app/mods/neben3.js","589","stelle","",""
"DLG_neben3_0053","","","In der frischen Erde ein tiefer Abdruck, ein Knie, groß und schwer, wie von einem Mann in viel Metall.","4800","app/mods/neben3.js","589","neben3_heimBau","",""
"DLG_neben3_0054","","","„Nein.“","1600","app/mods/neben3.js","590","neben3_heimBau","",""
"DLG_neben3_0055","","","„Rechte Winkel. Wer das war, hat’s ernst gemeint. … Ich hätte gern gewusst, ob ich reinpasse. Nein. Hätte ich nicht.“","6200","app/mods/neben3.js","594","neben3_heimCheck","",""
"DLG_neben3_0056","","","„Ich dreh nachts allein ein Karussell an. Mit sechsundzwanzig. Wenn mich einer sieht, zieh ich weg.“","5200","app/mods/neben3.js","599","neben3_klar","",""
"DLG_neben3_0057","LUKE","","Ich weiß noch, wie das Eis geschmeckt hat. Waldmeister. Aber an das Mädchen erinnere ich mich nicht.","5000","app/mods/neben3.js","603","neben3_klar","",""
"DLG_neben3_0058","","","„Er hat Klar gesagt. Ich hätte weggeguckt.“","3200","app/mods/neben3.js","603","neben3_klar","",""
"DLG_neben3_0059","","","„Ein Rad, das niemanden irgendwohin bringt. Zum Vergnügen?“","3600","app/mods/neben3.js","606","neben3_klar","",""
"DLG_neben3_0060","","","„Ja.“","1400","app/mods/neben3.js","606","neben3_klar","",""
"DLG_neben3_0061","","","„Eure Zeit ist seltsam.“","2600","app/mods/neben3.js","606","neben3_klar","",""
"DLG_neben3_0062","","","Ein Diesel ohne Scheinwerfer. Ein alter Bus hält, grau: AMT FÜR RÜCKFÜHRUNG · FAHRDIENST. Zielanzeige: HOHER ABGRUND.","5400","app/mods/neben3.js","614","neben3_bus","",""
"DLG_neben3_0063","","","Die Tür zischt auf. Kein Fahrer.","2600","app/mods/neben3.js","614","neben3_bus","",""
"DLG_neben3_0064","","","„Ich reite nicht in Kästen.“","2400","app/mods/neben3.js","615","neben3_bus","",""
"DLG_neben3_0065","","","Die Tür schließt sich. Der Bus fährt in den Nebel.","3000","app/mods/neben3.js","616","neben3_bus","",""
"DLG_neben3_0066","","","Der Entwerter piept rot.","2200","app/mods/neben3.js","619","neben3_bus","",""
"DLG_neben3_0067","","","Hinten sitzen Kinder in Kleidern aus verschiedenen Jahrzehnten, grau, ohne Mund, mit dem Gesicht nach vorn.","5000","app/mods/neben3.js","620","neben3_bus","",""
"DLG_neben3_0068","","","Jedes dreht den Kopf, sobald du an ihm vorbei bist.","3400","app/mods/neben3.js","620","neben3_bus","",""
"DLG_neben3_0069","","","Du drehst dich um: Alle sehen dich an. Du drehst dich nach vorn: hinter dir raschelt Stoff.","5000","app/mods/neben3.js","620","neben3_bus","",""
"DLG_neben3_0070","","","Auf dem vorletzten Sitz ein ausgelecktes, zum Dreieck gefaltetes Bonbonpapier.","3800","app/mods/neben3.js","621","neben3_bus","",""
"DLG_neben3_0071","","","„Warm. Da hat gerade jemand gesessen. Jemand Kleines.“","3400","app/mods/neben3.js","621","neben3_bus","",""
"DLG_neben3_0072","","","Halt am Hof, an den Traktorspuren. Der Bus fährt in den Nebel und kommt am anderen Ende nicht heraus.","5000","app/mods/neben3.js","625","neben3_bus","",""
"DLG_neben3_0073","","","„Er ist seit Jahren tot, und die Post schreibt ihm noch. Die Einzige im Dorf, die nicht aufgibt.“","5000","app/mods/neben3.js","634","neben3_villaBau","",""
"DLG_neben3_0074","LUKE","","Theodor. Am Tor steht ‚Dr. Th. Seiler‘. Und Heinrich …","3800","app/mods/neben3.js","636","neben3_villaBau","",""
"DLG_neben3_0075","","","„Er hat ihn getreten. Einen Ritter. Mit Kinderschuhen.“","3200","app/mods/neben3.js","640","neben3_villaBau","",""
"DLG_neben3_0076","","","„Das ganze Dorf ist dunkel, und die Tankstelle hat Strom. Wer zahlt hier die Rechnung?“","4400","app/mods/neben3.js","649","neben3_bandTick","",""
"DLG_neben3_0077","LUKE","","RH-8","","app/mods/neben3.js","660","neben3_band","",""
"DLG_neben3_0078","","","„Die Tür will mich nicht.“","2400","app/mods/neben3.js","664","neben3_band","",""
"DLG_neben3_0079","","","„Die will keinen. Die ist so.“","2600","app/mods/neben3.js","664","neben3_band","",""
"DLG_neben3_0080","","","„Dann warte ich bei den Krügen.“","2600","app/mods/neben3.js","664","neben3_band","",""
"DLG_neben3_0081","","","stein","","app/mods/neben3.js","669","st","",""
"DLG_neben3_0082","","","balken","","app/mods/neben3.js","670","st","",""
"DLG_neben3_0083","","","birke","","app/mods/neben3.js","671","st","",""
"DLG_neben3_0084","LUKE","","Neun, achtundzwanzig, fünf. Zweiundvierzig. Er hat immer das genommen, was noch stand. Erst Stein. Dann Holz. Dann den Baum.","6200","app/mods/neben3.js","673","neben3_kerbenCheck","",""
"DLG_neben3_0085","","","„Ich hab sie gezählt. Damit ich weiß, wie oft ich sie nicht gefunden hab.“","4400","app/mods/neben3.js","674","neben3_kerbenCheck","",""
"DLG_neben3_0086","","","„Er führt Strichliste. Wie Vegas bei den Pfandflaschen.“","3400","app/mods/neben3.js","675","neben3_kerbenCheck","",""
"DLG_neben3_0087","","","„Du atmest wie ein Staubsauger, Luke. Setz dich.“","3400","app/mods/neben3.js","687","neben3_dina","",""
"DLG_neben3_0088","","","„Du warst bei Mama. Die hat im Schlaf mit mir geredet. Das tut sie nur, wenn einer da war.“","5200","app/mods/neben3.js","687","neben3_dina","",""
"DLG_neben3_0089","","","„Ich mach die Augen nicht auf, bis es hell ist. Ich hab’s einmal gemacht. Da hat sie zurückgeguckt.“","5200","app/mods/neben3.js","688","neben3_dina","",""
"DLG_neben3_0090","","","„Leg sie auf den Ort.“","2000","app/mods/neben3.js","689","neben3_dina","",""
"DLG_neben3_0091","","","„Welchen Ort?“","1600","app/mods/neben3.js","689","neben3_dina","",""
"DLG_neben3_0092","","","„Den, der von unten so aussieht.“","2600","app/mods/neben3.js","689","neben3_dina","",""
"DLG_neben3_0093","","","„Das ist von Pat und Patachon, oder? Die lassen das überall liegen.“","3600","app/mods/neben3.js","690","neben3_dina","",""
"DLG_neben3_0094","","","„Die essen jeden Tag Leberwurst.“","2400","app/mods/neben3.js","690","neben3_dina","",""
"DLG_neben3_0095","","","„Ich mal ihn immer mit. Ich weiß nicht, wer das ist. Er steht immer da.“","4200","app/mods/neben3.js","692","neben3_dina","",""
"DLG_neben3_0096","LUKE","","RH-5","","app/mods/neben3.js","693","neben3_dina","",""
"DLG_neben3_0097","","","„Sie guckt dich an, Luke. Von innen.“","3000","app/mods/neben3.js","694","neben3_dina","",""
"DLG_neben3_0098","","","„Ruhig. Ja. Tagsüber bestimmt.“","2400","app/mods/neben3.js","716","neben3_strasseBau","",""
"DLG_neben3_0099","","","„Drei Sachen. Zwei davon klingeln donnerstags.“","2800","app/mods/neben3.js","719","neben3_strasseBau","",""
"DLG_neben3_0100","","","Frau Aydın steht am Fenster, die Hand an der Gardine, und rührt sich nicht. Drinnen versucht ein Wecker zu klingeln und schafft nur den Anfang.","5600","app/mods/neben3.js","721","neben3_aydin","",""
"DLG_neben3_0101","","","„Ich deck gerade eine Nachbarin zu, die im Stehen schläft. Um drei Uhr dreizehn. Das erzähl ich keinem.“","5000","app/mods/neben3.js","726","neben3_aydin","",""
"DLG_neben3_0102","FRAU AYDIN (IM SCHLAF, GANZ LEISE)","aydin","„Dina. Augen zu, Schatz. Bis es hell ist.“","3400","app/mods/neben3.js","727","neben3_aydin","",""
"DLG_neben3_0103","","","„Hilde. Mit neun. Und sie hat Peter nicht mitgezählt.“","3600","app/mods/neben3.js","733","neben3_hilde1975","",""
"DLG_neben3_0104","HILDE","hilde","„… neun.“","2200","app/mods/neben3.js","735","neben3_fehltCheck","",""
"DLG_neben3_0105","","","„Vierzig Knoten. Jonas konnte bis zwölf keine Schleife binden. Aber Knoten.“","4400","app/mods/neben3.js","744","neben3_zaynBau","",""
"DLG_neben3_0106","LUKE","","Er hat die Wolle im Wald angebunden und bei sich zu Hause aufgehört. Damit Zayn heimfindet. Vierzig Mal.","5400","app/mods/neben3.js","746","neben3_zaynBau","",""
"DLG_neben3_0107","JONAS","jonas","„Mama. Ich bin’s. Sonntag, wie immer.“","3200","app/mods/neben3.js","749","neben3_zaynBau","",""
"DLG_neben3_0108","JONAS","jonas","„Du musst nicht rangehen. Ich ruf trotzdem an.“","3400","app/mods/neben3.js","749","neben3_zaynBau","",""
"DLG_neben3_0109","LUKE","","Birkenweg. Da wohnt keiner. Da hat nie einer gewohnt. … Oder?","4200","app/mods/neben3.js","755","neben3_cleoTick","",""
"DLG_neben3_0110","","","„Die andere hab ich noch nie gesehen.“","3200","app/mods/neben3.js","757","neben3_cleoTick","",""
"DLG_neben4_0001","LUKE","","n4_gas4","","app/mods/neben4.js","183","n4_polaNehmen","",""
"DLG_neben4_0002","","","Du knotest die Tüte auf. Unter nassen Lappen und Butterbrotpapier: ein Polaroid, mit einem Gummiband zusammengehalten. Säuberlich. Wie Akten.","5200","app/mods/neben4.js","189","n4_tuete","",""
"DLG_neben4_0003","","","Du steckst Hildes Bilder zurück an ihre Kerzen. Eins nach dem anderen. Die Flammen flackern kurz und stehen dann wieder gerade.","5200","app/mods/neben4.js","193","n4_zurueck","",""
"DLG_neben4_0004","LUKE","","n4_kreideIdee","","app/mods/neben4.js","195","n4_zurueck","",""
"DLG_neben4_0005","","","Du schreibst mit Hildes Kreide an den Laternenpfahl, groß, in Druckbuchstaben: EISEN IST FREI.","4400","app/mods/neben4.js","197","n4_kreide","",""
"DLG_neben4_0006","LUKE","","n4_tausch","","app/mods/neben4.js","215","n4_gasTick","",""
"DLG_neben4_0007","ARBEITER","","„Der Herr. Hinter das Band. Wir schreiben das sonst auf.“","3400","app/mods/neben4.js","220","n4_gasTick","",""
"DLG_neben4_0008","LUKE","","n4_band","","app/mods/neben4.js","221","n4_gasTick","",""
"DLG_neben4_0009","LUKE","","n4_bandTipp","","app/mods/neben4.js","222","n4_gasTick","",""
"DLG_neben4_0010","","","Whiskey landet auf der Blechkiste des Kommandos. Er lässt etwas fallen. Ein Polaroid, geklaut von den Falschen.","5200","app/mods/neben4.js","228","n4_gasTick","",""
"DLG_neben4_0011","LUKE","","n4_antwort","","app/mods/neben4.js","230","n4_gasTick","",""
"DLG_neben4_0012","LUKE","","„Ich hab sieben Jahre lang Kassler gegessen und dachte, das ist ein Gemüse.“","3800","app/mods/neben4.js","245","neben4_haushaltsbuch","",""
"DLG_neben4_0013","LUKE","","Oma ist seit zwei Jahren tot.","2600","app/mods/neben4.js","248","neben4_haushaltsbuch","",""
"DLG_neben4_0014","LUKE","","n4_faelschung","","app/mods/neben4.js","254","neben4_haushaltsbuch","",""
"DLG_neben4_0015","LUKE","","n4_donnerstag","","app/mods/neben4.js","256","neben4_haushaltsbuch","",""
"DLG_neben4_0016","","","Der Postbote steckt die Zeitungsrolle an deine Haustür. Das Rad lehnt schief am Zaun, das Schutzblech klappert noch.","5200","app/mods/neben4.js","299","n4_guenther","",""
"DLG_neben4_0017","","","Das ist die Zeitung. Ich bring nur die Zeitung. Da steht drin, alle wohlauf.","3800","app/mods/neben4.js","300","n4_guenther","",""
"DLG_neben4_0018","LUKE","","„Wer hat das geschrieben?“","2000","app/mods/neben4.js","300","n4_guenther","",""
"DLG_neben4_0019","","","Steht drunter. (hw). Steht immer drunter.","2800","app/mods/neben4.js","300","n4_guenther","",""
"DLG_neben4_0020","LUKE","","„Sie haben mich gestern gemeldet.“","2400","app/mods/neben4.js","301","n4_guenther","",""
"DLG_neben4_0021","","","Ich hab … also, ich hab gesagt, dass Sie da sind. Das ist keine Meldung. Das ist … Auskunft.","4400","app/mods/neben4.js","301","n4_guenther","",""
"DLG_neben4_0022","LUKE","","„Und in der ersten Nacht haben Sie mir einen Brief an meine Schwester aus der Hand gerissen. J. W., Hamburg.“","4400","app/mods/neben4.js","302","n4_guenther","",""
"DLG_neben4_0023","","","Der ist nicht weg. Bei mir ist nichts weg.","2800","app/mods/neben4.js","302","n4_guenther","",""
"DLG_neben4_0024","","","Hamse mal ’ne Zigarette? Ich hab eine, aber die ist die letzte.","3400","app/mods/neben4.js","303","n4_guenther","",""
"DLG_neben4_0025","","","Er nimmt die Packung, raucht sofort. Die Hand zittert beim Anzünden.","3400","app/mods/neben4.js","307","n4_guenther","",""
"DLG_neben4_0026","","","Ein paar Rückläufer gibt’s. Nicht viele. Die liegen im Schuppen. Ich hab nie was weggeworfen. Wegwerfen ist … das darf man nicht.","5200","app/mods/neben4.js","308","n4_guenther","",""
"DLG_neben4_0027","","","Günther wird weiß. Die Zigarette hinterm Ohr fällt ihm auf den Lenker.","3400","app/mods/neben4.js","309","n4_guenther","",""
"DLG_neben4_0028","","","Nicht … nicht den Wolter. Bitte.","2600","app/mods/neben4.js","309","n4_guenther","",""
"DLG_neben4_0029","","","Jetzt. Die sind alle in der Ahornstraße und an der Villa. Jetzt guckt keiner. Das ist das erste Mal seit fünfundachtzig, dass keiner guckt.","5600","app/mods/neben4.js","310","n4_guenther","",""
"DLG_neben4_0030","","","Wenn Sie da reingehen, wenn ich weg bin: Das ist Einbruch. Das muss ich melden.","4000","app/mods/neben4.js","315","n4_guenther","",""
"DLG_neben4_0031","","","Mach ich aber nicht.","2000","app/mods/neben4.js","315","n4_guenther","",""
"DLG_neben4_0032","LUKE","","n4_schloss","","app/mods/neben4.js","320","n4_schuppenZu","",""
"DLG_neben4_0033","","","Günther sitzt auf dem Hocker und sieht auf die Fächer. Er sagt nichts mehr. Er wartet, bis du gelesen hast.","4800","app/mods/neben4.js","330","n4_schuppenRein","",""
"DLG_neben4_0034","LUKE","","„Er kommt am Samstag. Jonas. Und sie hat ihm geschrieben, und keiner hat mir was gesagt.“","4200","app/mods/neben4.js","334","n4_fach","",""
"DLG_neben4_0035","LUKE","","„‚Er ist heute zwölf und heißt Brandt.‘ Zwei Tausend zwölf. Das bin ich.“","3800","app/mods/neben4.js","335","n4_fach","",""
"DLG_neben4_0036","LUKE","","„‚Er hat die falschen Augen und er weiß es.‘ Mama hat es 1975 schon gewusst. Bei Peter.“","4200","app/mods/neben4.js","336","n4_fach","",""
"DLG_neben4_0037","GÜNTHER","guenther","Da steht immer einer. Seit dem Sommer, als der Pfarrer weg ist. Ich hab mich dran gewöhnt. Man gewöhnt sich an alles, das ist das Problem.","6200","app/mods/neben4.js","337","n4_fach","",""
"DLG_neben4_0038","","","Licht. Auf dem Hocker, wo Günther saß, liegt ein gefalteter Zettel. Günther steht an der Tür. Er hat nichts gesehen.","5200","app/mods/neben4.js","349","n4_dunkel","",""
"DLG_neben4_0039","","","Günther sitzt wieder auf dem Hocker, die letzte Zigarette zwischen den Fingern. Er zündet sie nicht an.","4400","app/mods/neben4.js","352","n4_zusammenbruch","",""
"DLG_neben4_0040","GÜNTHER","guenther","Ich hab einen zugestellt. Einen. In vierzig Jahren. Den von Ihrer Schwester an den Jonas.","5000","app/mods/neben4.js","353","n4_zusammenbruch","",""
"DLG_neben4_0041","GÜNTHER","guenther","„Hilde hat mir alles gezeigt. Komm am Samstag und bring die Wolle mit.“","4200","app/mods/neben4.js","353","n4_zusammenbruch","",""
"DLG_neben4_0042","GÜNTHER","guenther","Also. Ich trag das heut Nachmittag aus. Alles. Bis auf den einen.","3800","app/mods/neben4.js","354","n4_zusammenbruch","",""
"DLG_neben4_0043","","","Er steckt Edda Brands Brief in die Innentasche. Den gibt er dir nicht. Dafür drückt er dir seine Thermoskanne in die Hand.","5200","app/mods/neben4.js","355","n4_zusammenbruch","",""
"DLG_neben4_0044","GÜNTHER","guenther","Ich hab nichts gesehen!","2000","app/mods/neben4.js","357","n4_zusammenbruch","",""
"DLG_neben4_0045","LUKE","","„Er trinkt seit Jahrzehnten Tee und hat keinen. Klar.“","3000","app/mods/neben4.js","365","neben4_teedose","",""
"DLG_neben4_0046","","","Die Heizung tickt. Dreimal. Genau, als du das Foto umgedreht hast.","3400","app/mods/neben4.js","370","neben4_teedose","",""
"DLG_neben4_0047","LUKE","","Das Mädchen kenne ich. Der Kinderstuhl im Kreis, in Nimmerheim. Zöpfe. Beine, die baumeln. Sie hat nicht nach mir gegriffen. Sie hat meine Hand angeguckt.","6400","app/mods/neben4.js","370","neben4_teedose","",""
"DLG_neben4_0048","LUKE","","n4_gw","","app/mods/neben4.js","372","neben4_teedose","",""
"DLG_neben4_0049","LUKE","","Lucid World Organization. Klingt wie ein Energydrink. Zählt Kinder.","3800","app/mods/neben4.js","403","neben4_karte","",""
"DLG_neben4_0050","LUKE","","„Außenstelle sieben. Es gibt also mindestens sechs andere Dörfer, in denen irgendwer ‚Gasleck‘ in die Zeitung schreibt.“","5200","app/mods/neben4.js","404","neben4_karte","",""
"DLG_neben4_0051","","","Als der letzte Ausschnitt an seiner Nadel steckt, springt unten am Kartenrahmen die Klappe auf. Darin: ein Tonband. Aufkleber, Schreibmaschine: „Kanal 3 · alle AST · 1992“.","6200","app/mods/neben4.js","422","n4_weltFertig","",""
"DLG_neben4_0052","TONBAND","","(Rauschen. Funkfetzen in fremden Sprachen. Jemand zählt, auf Spanisch, sehr langsam.)","4600","app/mods/neben4.js","425","band","",""
"DLG_neben4_0053","TONBAND","","„… it’s counting again …“","3000","app/mods/neben4.js","425","band","",""
"DLG_neben4_0054","TONBAND","","(Drei Klopfzeichen. Dumpf, wie durch Fels.)","3400","app/mods/neben4.js","426","band","",""
"DLG_neben4_0055","TONBAND","","„Danke.“","2200","app/mods/neben4.js","427","band","",""
"DLG_neben4_0056","","","Dreimal. In der Wand des Arbeitszimmers. Dieselbe Pause.","3200","app/mods/neben4.js","429","n4_weltFertig","",""
"DLG_neben4_0057","LUKE","","„Vegas hat recht gehabt. Überall. Und überall liegt etwas.“","3600","app/mods/neben4.js","429","n4_weltFertig","",""
"DLG_neben4_0058","","","Du legst Vegas das Tonband hin. Er hört es zweimal. Beim Klopfen steht er auf.","4200","app/mods/neben4.js","436","neben4_vegas","",""
"DLG_neben4_0059","LUKE","","„Dass der Ural lügt.“","2400","app/mods/neben4.js","436","neben4_vegas","",""
"DLG_neben4_0060","LUKE","","„Der Vogel. Wem gehört der eigentlich?“","2400","app/mods/neben4.js","439","neben4_vegas","",""
"DLG_neben4_0061","LUKE","","n4_wise","","app/mods/neben4.js","443","neben4_marke","",""
"DLG_neben4_0062","","","Keiner krallt sich an deiner Kapuze fest und lässt sich tragen wie ein Kragen.","4000","app/mods/neben4.js","460","n4_keinerNehmen","",""
"DLG_neben4_0063","LUKE","","„Ich trag eine Katze als Schal. Das ist mein Leben jetzt.“","3400","app/mods/neben4.js","460","n4_keinerNehmen","",""
"DLG_neben4_0064","GISELA","gisela","Gisela steht am Zaun, im Mantel, und sieht die Straße hinunter. Um die Ecke ist eben ein grauer Kombi verschwunden.","5200","app/mods/neben4.js","473","n4_gisela","",""
"DLG_neben4_0065","GISELA","gisela","Der Handschuh. Immer noch derselbe. Ich hab den schon gehasst, da war ich zehn.","4600","app/mods/neben4.js","474","n4_gisela","",""
"DLG_neben4_0066","GISELA","gisela","Weil keiner gesagt hat, wie er heißt. Der Junge damals. Der, der nicht der Hans war.","4800","app/mods/neben4.js","476","n4_gisela","",""
"DLG_neben4_0067","GISELA","gisela","Meine Mutter hat die Tür zugemacht. Die zwei Herren haben ihn mitgenommen, der Wolter und der Doktor. „Verlegt“, hieß es.","5600","app/mods/neben4.js","477","n4_gisela","",""
"DLG_neben4_0068","GISELA","gisela","Ich hab mir immer gedacht, da, wo er hin ist, geht’s ihm besser.","3800","app/mods/neben4.js","477","n4_gisela","",""
"DLG_neben4_0069","","","Du sagst nichts. Du weißt aus der Akte, wo der Junge liegt: unter dem Stein „Unbekanntes Kind · 08“. Gisela weiß es nicht. Und du sagst es ihr nicht.","6400","app/mods/neben4.js","478","n4_gisela","",""
"DLG_neben4_0070","LUKE","","n4_hedwig","","app/mods/neben4.js","479","n4_gisela","",""
"DLG_neben4_0071","GISELA","gisela","Bring ihn an seinen Napf. Der Vierte von links. Den findet er allein nie.","3600","app/mods/neben4.js","480","n4_gisela","",""
"DLG_neben4_0072","LUKE","","„Wolters Kanne ist immer noch in meiner Jacke. Justin hat über ihn gesagt: ‚Dieselbe Kanne.‘ Als hätte er sie schon mal gesehen.“","5200","app/mods/neben4.js","489","n4_kanneTick","",""
"DLG_neben4_0073","","","Du drehst sie um. Auf dem Boden, unter dem Aufkleber, mit dem Taschenmesser eingeritzt: G. W.","4200","app/mods/neben4.js","489","n4_kanneTick","",""
"DLG_neben5_0001","","","Zweimal. Dann nichts mehr.","2600","app/mods/neben5.js","97","n5_nachttisch","",""
"DLG_neben5_0002","LUKE","","„Sie hat jeden beantwortet. Und keinen abgeschickt.“","3600","app/mods/neben5.js","101","n5_nachttisch","",""
"DLG_neben5_0003","","","Du legst Hildes drei Antworten in ihren Briefkasten und stellst die Fahne hoch.","3800","app/mods/neben5.js","107","n5_einwerfen","",""
"DLG_neben5_0004","","","Whiskey landet auf dem Kasten, zupft die oberste Briefmarke vom Umschlag und hüpft damit zwei Meter weiter. Er sieht dich an. Er wartet.","5600","app/mods/neben5.js","111","n5_einwerfen","",""
"DLG_neben5_0005","LUKE","","„Ohne Marke kommt der nicht an.“","2600","app/mods/neben5.js","111","n5_einwerfen","",""
"DLG_neben5_0006","","","Ein Kronkorken, frisch poliert vom Regen. Du hältst ihn Whiskey hin. Er legt die Briefmarke auf den Kasten und nimmt den Kronkorken, ohne dich anzusehen.","5800","app/mods/neben5.js","117","n5_kapsel","",""
"DLG_neben5_0007","LUKE","","„Ich verhandle mit einem Vogel über Porto.“","3000","app/mods/neben5.js","117","n5_kapsel","",""
"DLG_neben5_0008","LUCY","lucy","„Der kommt wirklich? Ich hab ihm im Oktober geschrieben und gedacht, das liegt bei Maas im Schuppen.“","5200","app/mods/neben5.js","126","neben5_uk9","",""
"DLG_neben5_0009","LUCY","lucy","„Dann räum ich bei Vegas das Sofa frei. Er schnarcht, das weiß ich noch.“","4200","app/mods/neben5.js","126","neben5_uk9","",""
"DLG_neben5_0010","LUKE","","n5_laube","","app/mods/neben5.js","134","n5_laubeTick","foto1",""
"DLG_neben5_0011","","","Hinter dir ist es dunkel geworden. In der Laube brennt keine Lampe mehr.","4200","app/mods/neben5.js","136","n5_laubeTick","foto1",""
"DLG_neben5_0012","LUKE","","„Hildes Kuli. Wie an den Kerzen. Die hat jede Nacht fotografiert.“","3800","app/mods/neben5.js","153","n5_laube","foto1",""
"DLG_neben5_0013","LUKE","","„Hilde hat mehr Fotos von nassen Füßen als ich von meinem ganzen Leben.“","4000","app/mods/neben5.js","153","n5_laube","foto1",""
"DLG_neben5_0014","LUKE","","„Acht um die Laterne. Und einer bei der Zelle, der zurückguckt.“","4000","app/mods/neben5.js","177","n5_zielKreuz","foto1",""
"DLG_neben5_0015","LUKE","","„… Weg. Nicht aus der Nacht. Vom Bild.“","3000","app/mods/neben5.js","177","n5_zielKreuz","foto1",""
"DLG_neben5_0016","LUKE","","n5_kanister","","app/mods/neben5.js","187","n5_kanisterTick","",""
"DLG_neben5_0017","LUKE","","n5_tafel","","app/mods/neben5.js","188","n5_kanisterTick","",""
"DLG_neben5_0018","","","In der Kiosktür, am Rand des Bildes, steht noch einer. Mit Hut. So alt wie heute.","4600","app/mods/neben5.js","208","n5_zielZapf","",""
"DLG_neben5_0019","LUKE","","„Das bin ich. Mit neun. Barfuß, mit einem Kanister, um drei Uhr nachts.“","4400","app/mods/neben5.js","208","n5_zielZapf","",""
"DLG_neben5_0020","LUKE","","n5_kanister2","","app/mods/neben5.js","211","n5_zielZapf","",""
"DLG_neben5_0021","VEGAS","vegas","„Junge! Auf dem Fensterbrett liegt Post für Lucy. Der Maas hat sie durchgeschoben. Ohne zu klingeln. Feigling.“","5200","app/mods/neben5.js","229","n5_vegasRuf","",""
"DLG_neben5_0022","","","Du wählst die Nummer von der Karte. Es klingelt lange.","3200","app/mods/neben5.js","236","n5_heidiAnruf","",""
"DLG_neben5_0023","HEIDI","heidi","„Ja?“","1600","app/mods/neben5.js","237","n5_heidiAnruf","",""
"DLG_neben5_0024","","","„Heidi? Hier ist Luke. Luke Brandt.“","2800","app/mods/neben5.js","237","n5_heidiAnruf","",""
"DLG_neben5_0025","HEIDI","heidi","„… Luke.“","2200","app/mods/neben5.js","238","n5_heidiAnruf","",""
"DLG_neben5_0026","","","„Deine Karte ist heute angekommen. Lucy hat sie noch nicht.“","3400","app/mods/neben5.js","238","n5_heidiAnruf","",""
"DLG_neben5_0027","HEIDI","heidi","„Wir sind nicht weggezogen. Morgens stand ein Umzugswagen da, und ein Mann mit Hut hat meiner Mutter erklärt, dass wir freiwillig gehen.“","6800","app/mods/neben5.js","239","n5_heidiAnruf","",""
"DLG_neben5_0028","HEIDI","heidi","„Ein Junge hat ‚Klar!‘ gesagt, als das blasse Mädchen mitspielen wollte. Das warst nicht du.“","5400","app/mods/neben5.js","240","n5_heidiAnruf","",""
"DLG_neben5_0029","HEIDI","heidi","„Du warst noch gar nicht da.“","2800","app/mods/neben5.js","240","n5_heidiAnruf","",""
"DLG_neben5_0030","HEIDI","heidi","„Trägt Vegas noch Alufolie?“","2600","app/mods/neben5.js","242","n5_heidiAnruf","",""
"DLG_neben5_0031","","","„Innen im Hut.“","2000","app/mods/neben5.js","242","n5_heidiAnruf","",""
"DLG_neben5_0032","HEIDI","heidi","„Sag ihm, er hatte recht. Bei allem.“","3000","app/mods/neben5.js","242","n5_heidiAnruf","",""
"DLG_neben5_0033","HEIDI","heidi","„Ich komm nicht rüber, Luke. Noch nicht. Die Karte am Grab hab ich hingelegt, damit wenigstens die stimmt.“","5600","app/mods/neben5.js","242","n5_heidiAnruf","",""
"DLG_neben5_0034","VEGAS","vegas","„Sie ist noch wach. Gerade so.“","2600","app/mods/neben5.js","250","n5_vegasTuer","",""
"DLG_neben5_0035","","","Du schiebst Heidis Karte durch den Kettenspalt. Drinnen raschelt es. Dann Lucys Stimme, dicht an der Tür.","4800","app/mods/neben5.js","252","n5_vegasTuer","",""
"DLG_neben5_0036","LUCY","lucy","„Sie hat mir jedes Jahr geschrieben. Ich hab nie eine gekriegt.“","4200","app/mods/neben5.js","252","n5_vegasTuer","",""
"DLG_neben5_0037","LUCY","lucy","„Großer? Jonas … Der kommt wirklich? Ich hab ihm im Oktober geschrieben und gedacht, das liegt bei Maas im Schuppen.“","5600","app/mods/neben5.js","254","n5_vegasTuer","",""
"DLG_neben5_0038","LUCY","lucy","„Dann räum ich bei Vegas das Sofa frei. Er schnarcht, das weiß ich noch.“","4200","app/mods/neben5.js","254","n5_vegasTuer","",""
"DLG_neben5_0039","","","Die Kette bleibt vor. Vegas hat eine leere Bierflasche in der Hand und hält sie, als wäre sie noch warm.","4800","app/mods/neben5.js","263","n5_flaschen","",""
"DLG_neben5_0040","VEGAS","vegas","„Die hatte Mike in der Hand. Er hat für mich Pfand gesammelt. Zweiunddreißig passen in die Kiste hinten an der Tankstelle.“","6200","app/mods/neben5.js","264","n5_flaschen","",""
"DLG_neben5_0041","VEGAS","vegas","„Da stehen einunddreißig. Eine fehlt. Die hier lag morgens auf dem Hof.“","4200","app/mods/neben5.js","265","n5_flaschen","",""
"DLG_neben5_0042","VEGAS","vegas","„Ich hab für ihn unterschrieben.“","2600","app/mods/neben5.js","265","n5_flaschen","",""
"DLG_neben5_0043","VEGAS","vegas","„Deine Mutter hat zweimal angesetzt. Ich hab’s in einem Zug geschafft. Das verzeih ich mir nicht.“","5600","app/mods/neben5.js","266","n5_flaschen","",""
"DLG_neben5_0044","","","„Er sitzt auf dem dritten Stuhl. In der Tankstellenjacke.“","3600","app/mods/neben5.js","268","n5_flaschen","",""
"DLG_neben5_0045","VEGAS","vegas","„Die hab ich ihm gekauft. Zwei Nummern zu groß. Er sollte reinwachsen.“","5200","app/mods/neben5.js","268","n5_flaschen","",""
"DLG_neben5_0046","","","„Das konnten Sie nicht wissen.“","2400","app/mods/neben5.js","269","n5_flaschen","",""
"DLG_neben5_0047","VEGAS","vegas","„Ich hab Ordner, Junge. Ich hab alles gewusst. Ich hab bloß gedacht, die nehmen die anderen.“","5800","app/mods/neben5.js","269","n5_flaschen","",""
"DLG_neben5_0048","FRAU AYDIN","aydin","Im Bauernhaus geht ein Fenster auf. Frau Aydın. Sie sieht nicht dich an, sondern zur Remise.","4600","app/mods/neben5.js","305","n5_aydinFenster","",""
"DLG_neben5_0049","FRAU AYDIN","aydin","Sie will nicht rein. Ich guck sie an und weiß es nicht.","3800","app/mods/neben5.js","306","n5_aydinFenster","",""
"DLG_neben5_0050","FRAU AYDIN","aydin","Du hast die Kamera von der Hilde. Mach ein Bild. Ist sie’s?","4200","app/mods/neben5.js","306","n5_aydinFenster","",""
"DLG_neben5_0051","DINA","dina","Wenn du knipst, sag mir, was drauf ist. Ich guck nicht. Ich hab genug geguckt.","4600","app/mods/neben5.js","312","n5_dinaKlick","",""
"DLG_neben5_0052","DINA","dina","Sag’s ihr. Ich bleib noch ein bisschen hier.","3000","app/mods/neben5.js","313","n5_dinaKlick","",""
"DLG_neben5_0053","DINA","dina","Knips schon.","1800","app/mods/neben5.js","314","n5_dinaKlick","",""
"DLG_neben5_0054","FRAU AYDIN","aydin","Am Bildrand sitzt Hänschen und starrt auf einen Heuballen. Auf dem Polaroid ist hinter dem Heuballen nichts.","5200","app/mods/neben5.js","321","n5_zielDina","",""
"DLG_neben5_0055","FRAU AYDIN","aydin","Du siehst auf. Hänschen starrt immer noch hin. Im Heu raschelt es.","3800","app/mods/neben5.js","323","n5_zielDina","",""
"DLG_neben5_0056","LUKE","","„Ohne Binde. Du. Ganz.“","2400","app/mods/neben5.js","324","n5_zielDina","",""
"DLG_neben5_0057","DINA","dina","Ohne Binde? Dann bin ich’s.","2600","app/mods/neben5.js","324","n5_zielDina","",""
"DLG_neben5_0058","DINA","dina","Sag ihr, ich hab die Laster gesehen, mit den Ketten, wie sie die anderen reingeladen haben. Deshalb mach ich die Augen zu. Nicht wegen ihr.","6800","app/mods/neben5.js","324","n5_zielDina","",""
"DLG_neben5_0059","FRAU AYDIN","aydin","Mach ein Bild. Ist sie’s?","2400","app/mods/neben5.js","329","n5_fensterKlick","",""
"DLG_neben5_0060","LUKE","","„Sie sagt, sie macht die Augen nicht wegen Ihnen zu.“","3200","app/mods/neben5.js","331","n5_fensterKlick","",""
"DLG_neben5_0061","FRAU AYDIN","aydin","Du hältst das Polaroid an die Scheibe. Frau Aydın sieht lange hin. Sehr lange.","4600","app/mods/neben5.js","331","n5_fensterKlick","",""
"DLG_neben5_0062","FRAU AYDIN","aydin","Die Haustür geht auf. Zum ersten Mal seit dem Sommer.","3200","app/mods/neben5.js","334","n5_fensterKlick","",""
"DLG_neben5_0063","FRAU AYDIN","aydin","Und iss was. Du siehst aus wie dein Vater, und der sah schon aus wie nichts.","4600","app/mods/neben5.js","334","n5_fensterKlick","",""
"DLG_neben5_0064","FRAU AYDIN","aydin","Sie drückt dir eine Tupperdose in die Hand. Börek, noch warm. „Für den Weg.“ Dann geht sie an dir vorbei, zur Remise.","5200","app/mods/neben5.js","335","n5_fensterKlick","",""
"DLG_neben5_0065","","","Whiskey landet vor dir und holt sich ein Stück Börek aus der Dose. Hänschen frisst den Rest, ohne zu fragen.","5200","app/mods/neben5.js","343","n5_boerekTick","",""
"DLG_neben5_0066","LUKE","","„Ich bin der Einzige hier, der nicht isst. Heute vielleicht ganz gut so.“","4200","app/mods/neben5.js","343","n5_boerekTick","",""
"DLG_neben5_0067","","","Günther Maas steht unter der Laterne, das Postrad neben sich, die Tasche leer. Eine Zigarette zittert zwischen seinen Fingern.","5600","app/mods/neben5.js","374","n5_maas","",""
"DLG_neben5_0068","","","Er hält einen vergilbten Umschlag hoch. Schreibmaschine, eine Hamburger Redaktion. Edda Brands Brief.","4600","app/mods/neben5.js","377","n5_maas","",""
"DLG_neben5_0069","","","Er hält dir den Umschlag hin.","2400","app/mods/neben5.js","384","n5_maas","",""
"DLG_neben5_0070","","","Du gehst mit dem Umschlag zum gelben Kasten. Der Schlitz klemmt kurz. Dann ist der Brief weg.","4600","app/mods/neben5.js","386","n5_maas","",""
"DLG_neben5_0071","","","Du gibst ihm den Brief zurück. Er steckt ihn in die Innentasche, zu den Zigaretten. Dann weint er. Ohne einen Laut.","5200","app/mods/neben5.js","390","n5_maas","",""
"DLG_neben5_0072","LUKE","","n5_schloss","","app/mods/neben5.js","408","n5_schuppenTuer","",""
"DLG_neben5_0073","","","Beim dritten Mal gibt das Schloss nach. Das Auge darauf ist verbogen.","3400","app/mods/neben5.js","412","n5_schuppenTuer","",""
"DLG_neben5_0074","","","Die Obstkisten sind leer. Alle. AHORN 1 bis 7, HOF, ZEITUNG. Er hat wirklich alles ausgetragen.","4800","app/mods/neben5.js","419","n5_schuppenInnen","",""
"DLG_neben5_0075","","","Auf dem Hocker liegt ein gefalteter Zettel. Ordentlich. Hinter dir knarrt die Tür.","4200","app/mods/neben5.js","421","n5_schuppenInnen","",""
"DLG_neben5_0076","GÜNTHER","guenther","Ich hab gesagt, das ist Einbruch. Das muss ich melden.","3400","app/mods/neben5.js","423","n5_schuppenInnen","",""
"DLG_neben5_0077","","","Er weint. Er wischt es nicht weg.","2600","app/mods/neben5.js","423","n5_schuppenInnen","",""
"DLG_neben5_0078","GÜNTHER","guenther","Mach ich aber nicht.","2000","app/mods/neben5.js","424","n5_schuppenInnen","",""
"DLG_neben5_0079","GÜNTHER","guenther","Der Zettel lag heut Mittag schon da, auf meinem Hocker. Ich hab ihn nicht angefasst.","4400","app/mods/neben5.js","424","n5_schuppenInnen","",""
"DLG_neben5_0080","GÜNTHER","guenther","Und das nehmen Sie mit. Die Rechnung vom Kühnle. Den Durchschlag. Ich hab sie selbst ans Amt gebracht.","5000","app/mods/neben5.js","425","n5_schuppenInnen","",""
"DLG_neben5_0081","","","Eine der Kerzen vor Hildes Tür ist neu und brennt. Keiner hat sie angezündet. Daneben acht Grablichter in einer Reihe, ein neuntes einen Schritt abseits.","6200","app/mods/neben5.js","437","n5_gasTick","",""
"DLG_neben5_0082","LUKE","","„Acht und eins. Hilde hätte das gefallen. Glaub ich.“","3400","app/mods/neben5.js","437","n5_gasTick","",""
"DLG_neben6_0001","LUKE","","pell_{…}","","app/mods/neben6.js","39","n6_pellN","",""
"DLG_neben6_0002","LUKE","","pell_{…}","","app/mods/neben6.js","40","n6_waldN","",""
"DLG_neben6_0003","LUKE","","pell_{…}","","app/mods/neben6.js","71","n6_pellHtml","",""
"DLG_neben6_0004","LUKE","","pell_{…}","","app/mods/neben6.js","72","n6_pellHtml","",""
"DLG_neben6_0005","LUKE","","n67_spind","","app/mods/neben6.js","79","n6_pellHtml","",""
"DLG_neben6_0006","LUKE","","n67_spind","","app/mods/neben6.js","80","n6_pellHtml","",""
"DLG_neben6_0007","LUKE","","n67_spind","","app/mods/neben6.js","84","n6_pellHtml","",""
"DLG_neben6_0008","LUKE","","n67_spind","","app/mods/neben6.js","85","n6_pellHtml","",""
"DLG_neben6_0009","LUKE","","pell_9","","app/mods/neben6.js","87","n6_pellHtml","",""
"DLG_neben6_0010","LUKE","","n67_spind","","app/mods/neben6.js","109","n6_spindTick","",""
"DLG_neben6_0011","LUKE","","pell_band","","app/mods/neben6.js","115","n6_nachLaden","",""
"DLG_neben6_0012","LUKE","","pell_{…}","","app/mods/neben6.js","115","n6_nachLaden","",""
"DLG_neben6_0013","LUKE","","n67_spind","","app/mods/neben6.js","116","n6_nachLaden","",""
"DLG_neben6_0014","LUKE","","Ein Amerikaner. Mit Kaffeeflecken. Und er hat hier drin etwas gehalten, das ausgebrochen ist.","4200","app/mods/neben6.js","128","n6_pellLesen","",""
"DLG_neben6_0015","LUKE","","pell_erfuellt","","app/mods/neben6.js","137","n6_pellStand","",""
"DLG_neben6_0016","LUKE","","pell_9","","app/mods/neben6.js","150","n6_rekorder","",""
"DLG_neben6_0017","LUKE","","Licht. Das Band läuft mir nicht weg.","2600","app/mods/neben6.js","155","n6_rekorder","",""
"DLG_neben6_0018","PELL (BAND)","pell","„October. Ich bin am Kreis. Lamp up. Come home, W.“","4600","app/mods/neben6.js","165","n6_band","",""
"DLG_neben6_0019","","","Waldgeräusche auf dem Band. Dann gehen sie aus, eins nach dem anderen, als drehe jemand Regler zu.","4200","app/mods/neben6.js","166","n6_band","",""
"DLG_neben6_0020","LUKE","","Das ist keine Blende. Da schneidet einer Löcher in die Aufnahme.","3600","app/mods/neben6.js","167","n6_band","",""
"DLG_neben6_0021","PELL (BAND)","pell","„Twenty metres. Ich senke jetzt die Lampe. For science.“","4200","app/mods/neben6.js","168","n6_band","",""
"DLG_neben6_0022","","","Zwei Atemzüge. Dann ein dritter, der nicht dazugehört.","3200","app/mods/neben6.js","169","n6_band","",""
"DLG_neben6_0023","PELLS STIMME?","pell","„Come … home … W.“","4800","app/mods/neben6.js","170","n6_band","",""
"DLG_neben6_0024","HOFER?","hofer","Hofers Lachen.","2600","app/mods/neben6.js","171","n6_band","",""
"DLG_neben6_0025","PELLS STIMME?","pell","„Should have stayed in Ohio.“","3400","app/mods/neben6.js","172","n6_band","",""
"DLG_neben6_0026","","","Das Band läuft leer.","3000","app/mods/neben6.js","173","n6_band","",""
"DLG_neben6_0027","LUKE","","Das hat er geschrieben. In sein Heft. Das hat er nie gesagt.","3800","app/mods/neben6.js","177","n6_band","",""
"DLG_neben6_0028","LUKE","","n67_spind","","app/mods/neben6.js","183","n6_schluessel","",""
"DLG_neben6_0029","LUKE","","hungrige_seite_2","","app/mods/neben6.js","184","n6_schluessel","",""
"DLG_neben6_0030","LUKE","","Das ist der Satz aus dem Dienstbuch. Das ist sein Kind.","3400","app/mods/neben6.js","186","n6_schluessel","",""
"DLG_neben6_0031","LUKE","","n67_anni","","app/mods/neben6.js","190","n6_blattGelesen","",""
"DLG_neben6_0032","LUKE","","n67_spind","","app/mods/neben6.js","191","n6_blattGelesen","",""
"DLG_neben6_0033","LUKE","","n67_spind","","app/mods/neben6.js","195","n6_spind","",""
"DLG_neben6_0034","LUKE","","Das Poster, das sie nicht mochte. Er hat die Kassette trotzdem aufgehoben.","3800","app/mods/neben6.js","200","n6_spind","",""
"DLG_neben6_0035","LUKE","","Nein. Das ist ein Beweisstück.","2400","app/mods/neben6.js","203","n6_spind","",""
"DLG_neben6_0036","LUKE","","n67_spind","","app/mods/neben6.js","208","n6_anniFertig","",""
"DLG_neben6_0037","LUKE","","n67_drei","","app/mods/neben6.js","209","n6_anniFertig","",""
"DLG_neben6_0038","LUKE","","Das ist ein Loop. Ich hab Hörbücher geschnitten, ich kenn einen Loop. Sie atmet an derselben Stelle.","5200","app/mods/neben6.js","222","n6_loopTick","",""
"DLG_neben6_0039","LUKE","","Jeder Loop hat eine Naht. Da, wo er von vorn anfängt. Beim nächsten wart ich auf die Pause.","5200","app/mods/neben6.js","233","n6_torFail","",""
"DLG_neben6_0040","LUKE","","Das hat sie nie gesagt. Das ist er. Das ist nur er.","3600","app/mods/neben6.js","248","n6_torFail","",""
"DLG_neben6_0041","LUKE","","n67_drei","","app/mods/neben6.js","249","n6_torFail","",""
"DLG_nr4_0001","LUKE","","Wechselbalg. Hat sie immer gesagt. Ich dachte, das heißt Frechdachs.","3800","app/mods/nr4.js","54","nr4_nachZettel","",""
"DLG_nr4_0002","LUKE","","Im Dreieck. Wer legt Batterien im Dreieck hin?","3000","app/mods/nr4.js","56","nr4_nachZettel","",""
"DLG_nr4_0003","LUKE","","Onkel Peter. Hab ich nie kennengelernt.","2800","app/mods/nr4.js","219","nr4_bau","",""
"DLG_nr4_0004","LUKE","","Blaue Augen und dann braune. Geht das?","3000","app/mods/nr4.js","219","nr4_bau","",""
"DLG_nr4_0005","LUKE","","Das ist Omas Mikrowelle. Woher kennst du Omas Mikrowelle?","3600","app/mods/nr4.js","357","nr4_haustuer","",""
"DLG_nr4_0006","","","Bett frisch bezogen, ein Plüschhund, ein Stuhl zum Fenster. Kein Staub.","3800","app/mods/nr4.js","370","nr4_schluesselloch","",""
"DLG_nr4_0007","","","Der Stuhl. Er steht zur Tür gedreht.","3000","app/mods/nr4.js","370","nr4_schluesselloch","",""
"DLG_nr4_0008","LUKE","","E. D. C. H. C …","1600","app/mods/nr4.js","377","nr4_domino","",""
"DLG_nr4_0009","LUKE","","Nein. Das hab ich nicht gehört.","2600","app/mods/nr4.js","379","nr4_domino","",""
"DLG_nr4_0010","LUKE","","Flocke.","1400","app/mods/nr4.js","387","nr4_nr1","",""
"DLG_nr4_0011","LUKE","","Wir hatten einen Hund. Ich weiß nicht mal, wie der aussah.","3600","app/mods/nr4.js","387","nr4_nr1","",""
"DLG_nr4_0012","LUKE","","MAMA","","app/mods/nr4.js","392","nr4_nr1","",""
"DLG_nr4_0013","LUKE","","Der ohne Namen war meiner. Aus dem hab ich immer getrunken.","3400","app/mods/nr4.js","399","nr4_nr1","",""
"DLG_nr4_0014","LUKE","","Warum steht auf meinem nichts drauf?","2600","app/mods/nr4.js","399","nr4_nr1","",""
"DLG_nr4_0015","LUKE","","Regel vier ist von mir. Die Schrift ist meine.","3000","app/mods/nr4.js","407","nr4_nr1","",""
"DLG_nr4_0016","LUKE","","Ich erinnere mich bloß nicht dran.","2600","app/mods/nr4.js","407","nr4_nr1","",""
"DLG_nr4_0017","LUKE","","Fahrradunfall. Das Rad hat nicht mal einen Kratzer.","3200","app/mods/nr4.js","409","nr4_nr1","",""
"DLG_nr4_0018","LUKE","","Dreiunddreißig. Mit neun hatte ich fünfunddreißig. Glaub ich.","3400","app/mods/nr4.js","416","nr4_nr1","",""
"DLG_nr4_0019","LUKE","","Mach das nicht. Bitte.","2600","app/mods/nr4.js","431","nr4_save","",""
"DLG_post_0001","GÜNTHER","guenther","Also, ich, äh … Sie sind nicht von hier. Doch. Brandt. Nr. 1. Kein Nachsendeantrag.","4200","app/mods/post.js","89","post_szene","",""
"DLG_post_0002","GÜNTHER","guenther","Ich hab nichts für Sie. Ich mein: Es gibt nichts. Für Sie. Gute Nacht.","3600","app/mods/post.js","89","post_szene","",""
"DLG_post_0003","GÜNTHER","guenther","Ich hab nichts gesehen! Ich hab nie was gesehen!","2600","app/mods/post.js","93","post_szene","",""
"DLG_post_0004","","","Zeitungsrollen, Werbung. Und ein Brief: „Lucy Brandt, Ahornstraße 1“, Poststempel Hamburg. Absender: J. W., Hamburg.","5200","app/mods/post.js","94","post_szene","",""
"DLG_post_0005","GÜNTHER","guenther","Unzustellbar. Empfänger unbekannt verzogen.","2600","app/mods/post.js","95","post_szene","",""
"DLG_post_0006","LUKE","","Meine Schwester ist nicht verzogen.","2600","app/mods/post.js","95","post_szene","",""
"DLG_post_0007","GÜNTHER","guenther","Dann … dann ist das ja gut. Ich muss weiter.","2600","app/mods/post.js","96","post_szene","",""
"DLG_post_0008","GÜNTHER","guenther","Ich rauch nicht. Ich sammel die. Für schlechte Zeiten.","3200","app/mods/post.js","99","post_szene","",""
"DLG_post_0009","","","Er steckt eine hinters Ohr, zu der anderen, und zündet eine dritte an.","3400","app/mods/post.js","99","post_szene","",""
"DLG_post_0010","GÜNTHER","guenther","Die sind jetzt.","1600","app/mods/post.js","100","post_szene","",""
"DLG_post_0011","GÜNTHER","guenther","Ich fang jetzt früher an. Seit Oktober. Fragen Sie nicht.","3200","app/mods/post.js","100","post_szene","",""
"DLG_post_0012","GÜNTHER","guenther","Die an Nummer zwei stell ich zu. Da wohnt keiner. Da darf ich.","3200","app/mods/post.js","100","post_szene","",""
"DLG_post_0013","GÜNTHER","guenther","Der Rabe ist Ihrer? Meine Klingel klingt wie der. Oder er wie die.","3400","app/mods/post.js","100","post_szene","",""
"DLG_post_0014","GÜNTHER","guenther","Um vier guckt keiner, sagt man. Stimmt nicht. Um vier gucken alle, die bloß nicht die Vorhänge aufmachen.","5000","app/mods/post.js","101","post_szene","",""
"DLG_post_0015","LUKE","","Der hat mir gerade gesagt, dass es nichts gibt. Für mich. Das war die ehrlichste Zustellung heute.","4600","app/mods/post.js","106","post_szene","",""
"DLG_post_0016","","","Stativ mit Kamera. Ein Rekorder mit roter Leuchte. Campingstuhl, Thermoskanne mit Auge. Zwei Stullen in Butterbrotpapier. Ein Kreuzworträtsel. Ein Dienstplan.","6200","app/mods/post.js","183","post_durchsFenster","",""
"DLG_post_0017","LUKE","","Gegenteil von Tag: Dienst. Das Ehrlichste, was ich heute gelesen hab.","3800","app/mods/post.js","187","post_durchsFenster","",""
"DLG_post_0018","LUKE","","Die schreiben mich mit.","2600","app/mods/post.js","190","post_blatt212","",""
"DLG_post_0019","","","Es surrt. Das Glas dreht sich einen Fingerbreit. Zu dir.","3400","app/mods/post.js","235","post_objektivTick","",""
"DLG_post_0020","","","*Rauschen*","1600","app/mods/post.js","250","post_kerzen","",""
"DLG_post_0021","EINE MÄDCHENSTIMME","luna","„… komm nach Hause, Luke …“","2800","app/mods/post.js","250","post_kerzen","",""
"DLG_post_0022","LUKE","","Nach Hause. Das sagt sie nicht. Lucy sagt heim.","3200","app/mods/post.js","250","post_kerzen","",""
"DLG_post_0023","LUKE","","Brandschutz ist hier im Ort eher so ein Gefühl.","3200","app/mods/post.js","252","post_kerzen","",""
"DLG_post_0024","","","Auf der Asche, im Licht der Lampe, tanzt ein Schatten. Ein Kinderschatten. Ohne Kind.","4200","app/mods/post.js","257","post_roxySchatten","",""
"DLG_post_0025","LUKE","","Elf Anrufe. Ich hab elf Anrufe weggedrückt, weil ich einen Podcast über Schlafhygiene geschnitten hab.","5200","app/mods/post.js","267","post_handy","",""
"DLG_post_0026","LUKE","","Nach Hause. So hat sie nie geredet. Sie sagt heim.","3200","app/mods/post.js","267","post_handy","",""
"DLG_post_0027","","","Im Rückspiegel: ein Kind auf dem Rücksitz. Gesicht im Schatten, ein gestreifter Ärmel. Es malt mit dem Finger auf die beschlagene Heckscheibe.","5600","app/mods/post.js","279","post_autoSchreck","",""
"DLG_post_0028","","","Du drehst dich um. Leer.","2400","app/mods/post.js","281","post_autoSchreck","",""
"DLG_post_0029","","","Die Türen entriegeln. Im Kunstleder ein kleiner Handabdruck. Noch warm.","4200","app/mods/post.js","282","post_autoSchreck","",""
"DLG_post_0030","LUKE","","Telefon mit Kabel. Wie Fahrradfahren. Nur dass das Fahrrad redet.","3200","app/mods/post.js","325","post_anruf","",""
"DLG_post_0031","","","*Rauschen*","1400","app/mods/post.js","325","post_anruf","",""
"DLG_post_0032","DAS KIND","luna","„Geh nicht in den Keller.“","2400","app/mods/post.js","325","post_anruf","",""
"DLG_post_0033","DAS KIND","luna","„Da unten ist nicht Lucy.“","2600","app/mods/post.js","325","post_anruf","",""
"DLG_post_0034","DAS KIND","luna","„Ich darf nicht lange. Sie guckt gleich.“","2800","app/mods/post.js","327","post_anruf","",""
"DLG_post_0035","DAS KIND","luna","„Nein. Die hat sich versteckt. Richtig gut.“","3000","app/mods/post.js","327","post_anruf","",""
"DLG_post_0036","DAS KIND","luna","„Pass auf sie auf.“","2200","app/mods/post.js","327","post_anruf","",""
"DLG_post_0037","LUKE","","Keine Musik drunter. Nur Rauschen.","2600","app/mods/post.js","328","post_anruf","",""
"DLG_post_0038","LUKE","","Die Stimme kenn ich. Ich weiß bloß nicht, woher. Das ist schlimmer.","4000","app/mods/post.js","328","post_anruf","",""
"DLG_post_0039","LUKE","","Sie schreibt an sich selbst. An die mit acht.","3000","app/mods/post.js","348","post_kartenFertig","",""
"DLG_post_0040","LUKE","","Und kommt jedes Jahr ein Stück näher und will’s nicht.","3400","app/mods/post.js","348","post_kartenFertig","",""
"DLG_schrecken_0001","","","Ganz leise, ein Kind: „… fünf … sechs … sieben …“","4200","app/mods/schrecken.js","27","schreck_mark","",""
"DLG_schrecken_0002","","","Die Kapellenglocke. Einmal. Dann noch einmal – diesmal von drinnen, direkt hinter der Tür.","4600","app/mods/schrecken.js","30","schreck_mark","",""
"DLG_spannung_0001","","","[{…}]","","app/mods/spannung.js","190","spannung_geraeusch","",""
"DLG_spannung_0002","CHEF (AM TELEFON)","","„… und Montag ist das fertig.“","2600","app/mods/spannung.js","275","sp_montag","",""
"DLG_spannung_0003","","","„Ich bin … auf dem Land. Familiensache.“","3200","app/mods/spannung.js","275","sp_montag","",""
"DLG_spannung_0004","","","„Du nicht auch noch.“","2200","app/mods/spannung.js","277","sp_montag","",""
"DLG_spinnen_0001","","","Sie sind auf dir. Schüttle sie ab!","3200","app/mods/spinnen.js","217","spn_update","",""
"DLG_spinnen_0002","","","Das Licht. Es … atmet.","3000","app/mods/spinnen.js","254","spn_event","",""
"DLG_spinnen_0003","","","Etwas bewegt sich in den Wänden.","2800","app/mods/spinnen.js","255","spn_event","",""
"DLG_spinnen_0004","","","Aus den Ritzen. Aus der Decke. Aus dem Kokon. Tausende.","3600","app/mods/spinnen.js","260","spn_event","",""
"DLG_tausch_0001","DAS KIND","luna","„Pust.“","1600","app/mods/tausch.js","472","tausch_fundeSync","",""
"DLG_tiefwald_0001","LUKE","","Bin ich nicht. Geh ich nicht. Tut mir leid, Jonas.","3200","app/mods/tiefwald.js","409","tief_zettelNach","",""
"DLG_tiefwald_0002","","","In den linken Holm der Leiter sind Kerben geschnitten. Eine pro Suche. Die ersten krumm, die letzten gerade. Du zählst mit dem Finger.","5200","app/mods/tiefwald.js","410","tief_zettelNach","",""
"DLG_tiefwald_0003","LUKE","","Vierzig. Und die letzte hat er richtig reingehauen.","3200","app/mods/tiefwald.js","410","tief_zettelNach","",""
"DLG_tiefwald_0004","LUKE","","Vierzig Mal war er hier. Und ich seh ihn nicht einmal. Der Wald hat jede Suche aufgegessen.","4600","app/mods/tiefwald.js","411","tief_zettelNach","",""
"DLG_tiefwald_0005","LUKE","","Ein Landeplatz. Für Hubschrauber, bevor’s Hubschrauber gab.","3400","app/mods/tiefwald.js","414","tief_plakette","",""
"DLG_tiefwald_0006","LUKE","","Das Amt hat Batterien, die Schweine haben Batterien, und du hast auch welche, wer immer du bist. Ich bin der bestversorgte Köder im Landkreis.","5400","app/mods/tiefwald.js","454","tief_digFund","",""
"DLG_tiefwald_0007","","","Hinter dir trägt ein Frischling die leere Dose davon.","3000","app/mods/tiefwald.js","456","tief_digFund","",""
"DLG_tiefwald_0008","","","Am Pfosten des Stegs ein Blechschild: „BfR · AST 7 · Probe T · nicht bergen · zieht“.","4400","app/mods/tiefwald.js","470","tief_weiher","",""
"DLG_tiefwald_0009","LUKE","","Das Amt hat ein Schild für einen Teich. Das ist das erste ehrliche Schild, das ich von denen seh.","4400","app/mods/tiefwald.js","470","tief_weiher","",""
"DLG_tiefwald_0010","","","Du nimmst das Ende der Wolle in die Hand. Es verschwindet im schwarzen Wasser.","4200","app/mods/tiefwald.js","471","tief_weiher","",""
"DLG_tiefwald_0011","","","Es ist straff gespannt.","2400","app/mods/tiefwald.js","471","tief_weiher","",""
"DLG_tiefwald_0012","","","Ein Ruck. Von unten. Einmal. Zweimal.","3200","app/mods/tiefwald.js","473","tief_weiher","",""
"DLG_tiefwald_0013","","","Der Zug reißt dich auf die Knie. Dann gibt die Wolle nach.","3600","app/mods/tiefwald.js","479","tief_weiher","",""
"DLG_tiefwald_0014","","","Das Ende ist abgerissen.","2600","app/mods/tiefwald.js","479","tief_weiher","",""
"DLG_tiefwald_0015","","","Du lässt los. Die Wolle gleitet ins Schwarze, lautlos. Keine Welle.","4200","app/mods/tiefwald.js","480","tief_weiher","",""
"DLG_tiefwald_0016","","","Du knotest den Rest der Rolle an den Pfosten. Fest. Zweimal rum.","3600","app/mods/tiefwald.js","481","tief_weiher","",""
"DLG_tiefwald_0017","LUKE","","Für Samstag.","2200","app/mods/tiefwald.js","481","tief_weiher","",""
"DLG_tiefwald_0018","","","Kein Platschen. Keine Welle. Nur, sehr weit unten, ganz leise: ein Kind, das „Hier!“ ruft.","4800","app/mods/tiefwald.js","489","tief_stein","",""
"DLG_tiefwald_0019","","","Ganz nah an deinem Ohr, ein Kind: „Noch mal!“","2600","app/mods/tiefwald.js","495","tief_schaukel","",""
"DLG_tod_0001","","","„Bruder.“","1700","app/mods/tod.js","186","todClip","",""
"DLG_tod_0002","","","Renn. Nicht stehen bleiben. Zum Licht.","3600","app/mods/tod.js","358","tod_festTick","",""
"DLG_traum_0001","DER RABE","mira","Luke.","1.4","app/mods/traum.js","15","","",""
"DLG_traum_0002","DER RABE","mira","Du hast lange geschlafen. Siebzehn Jahre lang.","3","app/mods/traum.js","15","","",""
"DLG_traum_0003","LUKE","","Ein Vogel, der meinen Namen kennt. Träume sind auch nicht mehr, was sie mal waren.","7.4","app/mods/traum.js","16","","",""
"DLG_traum_0004","DER RABE","mira","Deine Schwester Lucy ist nicht verschwunden. Sie hat sich versteckt. Vor etwas, das sucht.","0.4","app/mods/traum.js","17","","",""
"DLG_traum_0005","DER RABE","mira","Sie hat dich angerufen: „Haus Nummer 7. Der Keller.“ Dort fängt es an.","5.4","app/mods/traum.js","18","","",""
"DLG_traum_0006","DER RABE","mira","In diesem Dorf versteckt sich jeder vor irgendwem. Und du, Kind … vor dir selbst.","10.4","app/mods/traum.js","18","","",""
"DLG_traum_0007","DER RABE","mira","Das ist deine Abenteuerfibel. Ein Kinderheft. Du, Jonas und Zayn habt eure Abenteuer hineingeschrieben.","1","app/mods/traum.js","19","","",""
"DLG_traum_0008","DER RABE","mira","Jetzt schreibt sie weiter. Jede Aufgabe, jeden Fund, jeden Weg, den du gehen musst.","6.4","app/mods/traum.js","20","","",""
"DLG_traum_0009","DER RABE","mira","Wenn du nicht weiterweißt, sieh hinein. Sie gehört wieder dir.","11.6","app/mods/traum.js","20","","",""
"DLG_traum_0010","DER RABE","mira","Deine Aufgabe: Finde Lucy. Haus Nummer 7. Der Keller.","0.6","app/mods/traum.js","22","","",""
"DLG_traum_0011","DER RABE","mira","Finde heraus, was mit diesem Dorf geschehen ist. Und wer du bist.","5.2","app/mods/traum.js","22","","",""
"DLG_traum_0012","DER RABE","mira","Kum, Wîse.","14.5","app/mods/traum.js","23","","",""
"DLG_traum_0013","KLICK · ÜBERSPRINGEN","","traumSkip","","app/mods/traum.js","32","traum_css","",""
"DLG_traum_0014","W · GEHEN","","traumHint","","app/mods/traum.js","32","traum_css","",""
"DLG_traum_0015","","","… {…} …","1500","app/mods/traum.js","278","traum_frei","",""
"DLG_traum_0016","LUKE","","Huh …? Warum steh ich nachts im Regen auf der Straße?","4600","app/mods/traum.js","311","traum_awake","",""
"DLG_traum_0017","LUKE","","Die Fibel steckt drin. Sie ist nass. Sie ist echt.","3800","app/mods/traum.js","313","traum_awake","",""
"DLG_traum_0018","KÜHN · MAILBOX","kuehn","„Herr Brandt? Kühn hier, Polizei, ne. Wegen Ihrer Schwester. Die ist seit dem 23. nicht mehr gesehen worden.“","5200","app/mods/traum.js","317","traum_awake","",""
"DLG_traum_0019","KÜHN · MAILBOX","kuehn","„Wir kümmern uns. Sie müssen da nicht extra herkommen, gell. Wirklich nicht.“","4200","app/mods/traum.js","317","traum_awake","",""
"DLG_traum_0020","LUKE","","Nicht extra herkommen. Tja.","2600","app/mods/traum.js","317","traum_awake","",""
"DLG_traum_0021","DER RABE","mira","Dreizehn Atemzüge hab ich gebraucht bis zum Rand. Du brauchst länger. Das ist gut.","0","app/mods/traum.js","353","k1_rascheln","",""
"DLG_traum_0022","DER RABE","mira","Der Ring passt dir. Er hat gehalten, bis die Hand nicht mehr konnte. Sag ihm das, wenn du ihn wiedersiehst.","6.2","app/mods/traum.js","353","k1_rascheln","",""
"DLG_traum_0023","DER RABE","mira","Ich komm. Ich weiß nur noch nicht, in welcher Nacht.","14","app/mods/traum.js","354","k1_rascheln","",""
"DLG_traum_0024","DER RABE","mira","Such.","19.6","app/mods/traum.js","354","k1_rascheln","",""
"DLG_uebergang_0001","","","Die Wand gibt nach. Dahinter ist kein Keller mehr. Ein Gang – älter als das Haus.","4800","app/mods/uebergang.js","52","uebergang_art","",""
"DLG_uebergang_0002","","","Hinter dir fällt die Tür ins Schloss. Auf dieser Seite hat sie keine Klinke. Ein Betongang, der nach Rost riecht. Und ganz hinten nach Sommer.","5200","app/mods/uebergang.js","79","uebergang_art","",""
"DLG_uebergang_0003","","","Die Stablampe liegt nicht mehr, wo sie hingefallen ist. Sie liegt am Fuß der Eisenleiter, der Kegel zeigt senkrecht in den Schacht. Da hat er sie nicht hingelegt.","6200","app/mods/uebergang.js","155","uebergang3_nachAbspann","",""
"DLG_uebergang_0004","LUKE","","SCHEISSE!","1400","app/mods/uebergang.js","184","uebergang3_whiskey","",""
"DLG_uebergang_0005","LUKE","","… Das war jetzt neu.","2200","app/mods/uebergang.js","184","uebergang3_whiskey","",""
"DLG_villa_0001","DREIPUNKT","","BEOBACHTUNGSBLATT","","app/mods/villa.js","565","","",""
"DLG_villa_0002","LUKE","","villa_drei","","app/mods/villa.js","579","","",""
"DLG_villa_0003","ARBEITER","","„Anwohner. Männlich.“","2600","app/mods/villa.js","660","villa_crewTick","",""
"DLG_villa_0004","LUKE","","villa_ag11","","app/mods/villa.js","662","villa_crewTick","",""
"DLG_villa_0005","","","Keine Kette diesmal. Vegas macht ganz auf. Schürze mit einer Kuh drauf, den Pfannenwender in der Hand wie eine Waffe.","4600","app/mods/villa.js","674","villa_nr3Szene","",""
"DLG_villa_0006","","","Vom Sofa her summt jemand im Halbschlaf. Fünf Töne, die aus der Spieluhr. Beim vierten bricht es ab.","4400","app/mods/villa.js","676","villa_nr3Szene","",""
"DLG_villa_0007","","","Auf dem Sofa, unter einer Wolldecke: Lucy. Sie ist wach. In ihren Augen, in beiden, sitzt am Rand der Iris ein dünner weißer Ring, wie Frost am Fensterglas.","5600","app/mods/villa.js","679","villa_nr3Szene","",""
"DLG_villa_0008","","","Er drückt sie. Sie friert, obwohl der Ofen bullert. Ihre Hände sind kalt, trocken – aber sie haben Linien. Luke sieht nach. Sie merkt es.","5200","app/mods/villa.js","681","villa_nr3Szene","",""
"DLG_villa_0009","","","Mehr sagt sie nicht über drinnen. Sie will nicht. Sie hat Hunger.","3400","app/mods/villa.js","684","villa_nr3Szene","",""
"DLG_villa_0010","","","Vegas kocht. Rührei mit Speck. Das Ei ist grau, der Speck ist schwarz.","3600","app/mods/villa.js","684","villa_nr3Szene","",""
"DLG_villa_0011","","","Bruno steht an der Tür und sieht zu, ohne Laut. Seinen Napf hat er nicht angerührt.","3600","app/mods/villa.js","685","villa_nr3Szene","",""
"DLG_villa_0012","","","Whiskey hat den Speck. Lucy lacht zum ersten Mal, hustet, lacht weiter.","3800","app/mods/villa.js","690","villa_nr3Szene","",""
"DLG_villa_0013","LUCY","lucy","„Ich bleib hier. Vegas passt auf. Sagt er.“","","app/mods/villa.js","697","villa_lucyNochmal","",""
"DLG_villa_0014","LUCY","lucy","„Er ist eifersüchtig. Wie du mit neun.“","","app/mods/villa.js","697","villa_lucyNochmal","",""
"DLG_villa_0015","LUCY","lucy","„Geh schon. Und komm heim.“","","app/mods/villa.js","697","villa_lucyNochmal","",""
"DLG_villa_0016","","","Vegas reicht dir einen Beutel Batterien. Whiskey ist schneller: Drei fallen dir vor die Füße, die vierte behält der Vogel.","4600","app/mods/villa.js","701","villa_vegasNochmal","",""
"DLG_villa_0017","","","Vegas steht in der Speisekammer, Tür zu. Whiskey sitzt davor und wartet.","3800","app/mods/villa.js","708","villa_nr3Wieder","",""
"DLG_villa_0018","","","Klopfen an Vegas’ Tür, von draußen. Vegas macht die Kette vor, dann einen Spalt auf.","3800","app/mods/villa.js","714","villa_ag12Klopfen","",""
"DLG_villa_0019","NACHSORGE 11","nachsorge11","„Wir warten am Wagen, Herr Brandt. Wir haben Zeit. Wir haben immer Zeit.“","3800","app/mods/villa.js","732","villa_ag12Weg","",""
"DLG_villa_0020","LUKE","","villa_nr9","","app/mods/villa.js","743","villa_ag12Weg","",""
"DLG_villa_0021","NACHSORGE 11","nachsorge11","„Herr Brandt. Haben Sie es sich überlegt?“","2800","app/mods/villa.js","747","villa_ag12Kombi","",""
"DLG_villa_0022","LUKE","","villa_nr9drin","","app/mods/villa.js","754","villa_nr9Rein","",""
"DLG_villa_0023","LUKE","","Elf Anrufe. Die haben gewartet, dass ich nicht rangeh. Und dann, dass ich komm.","5200","app/mods/villa.js","765","villa_nr9Ringbuch","",""
"DLG_villa_0024","LUKE","","Sie haben zugesehen. Monate. Sie haben gesehen, wie Lucy verschwindet, und haben es aufgeschrieben. Sie haben gesehen, wie Hilde weint, und „Schichtwechsel“ druntergeschrieben.","7200","app/mods/villa.js","765","villa_nr9Ringbuch","",""
"DLG_villa_0025","","","„Ihr habt Butterbrotpapier gefaltet.“","2800","app/mods/villa.js","765","villa_nr9Ringbuch","",""
"DLG_villa_0026","","","„Heil. Die schreiben ‚heil‘, als wär ich ’ne Vase.“","3200","app/mods/villa.js","771","villa_nr9Brett","",""
"DLG_villa_0027","LUKE","","Die Kamera zeigt Nr. 7 mit Absperrband. Und für eine Sekunde, auf der Kreuzung, trat etwas Weißes hinter die Tonne. Und war weg.","5400","app/mods/villa.js","781","villa_nr9Kamera","",""
"DLG_villa_0028","","","Seiler im Bett, die Brille mit Pflaster geflickt. Wolter auf dem Stuhl daneben, Hut auf.","4200","app/mods/villa.js","806","villa_bett","",""
"DLG_villa_0029","SEILER","seiler","„Heinrich. Mach oben das Licht an. Für den, der kommt.“","3600","app/mods/villa.js","806","villa_bett","",""
"DLG_villa_0030","WOLTER","wolter","„Es kommt keiner, Theo.“","2600","app/mods/villa.js","806","villa_bett","",""
"DLG_villa_0031","","","Wolter steht auf und zieht dem Schlafenden die Decke bis zum Kinn. Dann weiter.","4200","app/mods/villa.js","806","villa_bett","",""
"DLG_villa_0032","","","„Bis wohin, Heinrich.“","2400","app/mods/villa.js","807","villa_bett","",""
"DLG_villa_0033","","","Die Strickjacke. In der Innentasche etwas Hartes, eingewickelt in ein Taschentuch mit Monogramm T. S.","4200","app/mods/villa.js","808","villa_bett","",""
"DLG_villa_0034","LUKE","","villa_nadel","","app/mods/villa.js","810","villa_bett","",""
"DLG_villa_0035","LUKE","","villa_r41a","","app/mods/villa.js","821","villa_azSchrank","",""
"DLG_villa_0036","LUKE","","villa_r41b","","app/mods/villa.js","822","villa_azSchrank","",""
"DLG_villa_0037","LUKE","","„Der Hirte, der bestimmt, wer zurückkommt.“ Die halten ihn seit Jahrzehnten für den Hütehund von dem Ding. Und er hat ihre Kinder rausgetragen.","6200","app/mods/villa.js","830","villa_azAkte","",""
"DLG_villa_0038","LUKE","","Das ist kein Eisen. Das ist dasselbe Zeug wie in ihren Gläsern. Nur eingeschlafen.","4600","app/mods/villa.js","830","villa_azAkte","",""
"DLG_villa_0039","","","Er sagt nichts. Er legt die Hand flach auf die Akte EISEN, einen Moment. Dann weiter.","4200","app/mods/villa.js","832","villa_azAkte","",""
"DLG_villa_0040","","","Du legst den Flicken unter die grüne Lampe, neben das Wort „tot“. Er ist warm, so warm wie in dem Moment, als Justin ihn dir gegeben hat.","5600","app/mods/villa.js","834","villa_flicken","",""
"DLG_villa_0041","","","Auf seiner Innenseite beschlägt er ganz langsam, wie Glas, das jemand anhaucht, und wird wieder klar. Zweimal. Dann nichts mehr.","5600","app/mods/villa.js","835","villa_flicken","",""
"DLG_villa_0042","","","„Tot, schreibt ihr. Der ist warm.“","2600","app/mods/villa.js","835","villa_flicken","",""
"DLG_villa_0043","","","Luke hält das Netz an die Lampe.","2200","app/mods/villa.js","840","villa_azAsservat","",""
"DLG_villa_0044","","","„Er hat sie rausgeschnitten. Nur zu spät.“","3000","app/mods/villa.js","840","villa_azAsservat","",""
"DLG_villa_0045","","","„Außenstelle sieben. Es gibt also mindestens sechs andere Dörfer, in denen irgendwer ‚Gasleck‘ in die Zeitung schreibt.“","5200","app/mods/villa.js","843","villa_azKarte","",""
"DLG_villa_0046","","","„Der Einzige hier, der auf einem Foto lacht. Und er hat einen Hirsch dabei.“","3800","app/mods/villa.js","845","villa_azFotos","",""
"DLG_villa_0047","LUKE","","villa_r42","","app/mods/villa.js","848","villa_azTisch","",""
"DLG_villa_0048","LUKE","","villa_nadelhin","","app/mods/villa.js","851","villa_anOben","",""
"DLG_villa_0049","LUKE","","villa_erstoben","","app/mods/villa.js","857","villa_anUnten","",""
"DLG_villa_0050","","","Whiskey sitzt oben auf dem Buffet neben der Kellertür, durchs Anrichtefenster hereingeschlüpft, und schreit. Kein Krächzen. Ein Laut, den du von ihm noch nie gehört hast.","5600","app/mods/villa.js","859","villa_anUnten","",""
"DLG_villa_0051","","","Du gehst trotzdem. Der Rabe bleibt oben.","2800","app/mods/villa.js","859","villa_anUnten","",""
"DLG_villa_0052","","","„Zelle Ost. Hier. In diesem Haus.“","2600","app/mods/villa.js","867","villa_ogBestand","",""
"DLG_villa_0053","","","„Die wissen, dass ich freitags frei hab.“","2800","app/mods/villa.js","874","villa_ogKAkten","",""
"DLG_villa_0054","","","„Erscheinungsform B. Die haben ihr einen Behördennamen gegeben und sie trotzdem jedes Mal eingeladen.“","4600","app/mods/villa.js","877","villa_ogListen","",""
"DLG_villa_0055","LUKE","","Es frisst Nachbilder. Das Einzige, was nur ich sehen kann.","3800","app/mods/villa.js","882","villa_ogPell","",""
"DLG_villa_0056","","","„Wer soll das denn unterschreiben. Meine Mutter ist … da drin.“","3600","app/mods/villa.js","888","villa_ogFormblatt","",""
"DLG_villa_0057","","","Unten fällt etwas Schweres um. Dann Stimmen, gedämpft, durch zwei Böden.","3600","app/mods/villa.js","929","villa_ag13","",""
"DLG_villa_0058","","","Nachsorge 11 setzt sich auf Heinrichs Bett. Die Matratze drückt dir ins Gesicht.","3800","app/mods/villa.js","935","villa_ag13","",""
"DLG_villa_0059","","","Die Hand am Griff. Durch die Lamellen der graue Ärmel, zu kurz. Das Handgelenk. Die Uhr.","4200","app/mods/villa.js","948","villa_ag13","",""
"DLG_villa_0060","","","Die Schranktür geht auf.","1800","app/mods/villa.js","962","villa_ag13Entdeckt","",""
"DLG_villa_0061","NACHSORGE 11","nachsorge11","„Ach, da sind Sie ja.“","2200","app/mods/villa.js","962","villa_ag13Entdeckt","",""
"DLG_villa_0062","NACHSORGE 12","nachsorge12","„Gefunden.“","1600","app/mods/villa.js","962","villa_ag13Entdeckt","",""
"DLG_villa_0063","","","Sie bringen dich höflich in die Halle, eine Hand leicht an deinem Ellenbogen, wie man eine alte Dame über die Straße führt.","5200","app/mods/villa.js","962","villa_ag13Entdeckt","",""
"DLG_villa_0064","WOLTER","wolter","„Man hat Sie gefunden. Das ist bedauerlich. Ich hätte Sie lieber selbst kommen sehen.“","4600","app/mods/villa.js","965","villa_ag13Entdeckt","",""
"DLG_villa_0065","WOLTER","wolter","„Sehen Sie es sich an. Dann reden wir.“","3000","app/mods/villa.js","965","villa_ag13Entdeckt","",""
"DLG_villa_0066","","","„Ja. Ich bin wieder aufgetaut. Danke.“","2800","app/mods/villa.js","983","villa_krRauf","",""
"DLG_villa_0067","LUKE","","villa_r43a","","app/mods/villa.js","1001","villa_krHaupt","",""
"DLG_villa_0068","LUKE","","villa_r43b","","app/mods/villa.js","1002","villa_krHaupt","",""
"DLG_villa_0069","","","„Okay. Okay. Licht.“","2200","app/mods/villa.js","1021","villa_hoehepunktA","",""
"DLG_villa_0070","","","„Scheiße. Scheiße.“","2200","app/mods/villa.js","1035","villa_hoehepunktA","",""
"DLG_villa_0071","","","Es riecht nach Milch und nach gemähtem Gras. Mehr passiert nicht, solange du hinsiehst.","4200","app/mods/villa.js","1056","villa_krGlas1","",""
"DLG_villa_0072","","","„So. Mehr kann ich nicht.“","2400","app/mods/villa.js","1056","villa_krGlas1","",""
"DLG_villa_0073","","","Auf der frisch bezogenen Matratze, genau in deiner Länge, eine Kuhle, als hätte schon jemand zur Probe darin gelegen.","4800","app/mods/villa.js","1061","villa_krSchild","",""
"DLG_villa_0074","MAMA (BAND)","mama","„Luke, Schatz, du musst keine Angst haben. Die Leute hier sind nett. Mama wartet draußen.“","5600","app/mods/villa.js","1064","villa_krBand","",""
"DLG_villa_0075","","","„Sie hat draußen gewartet. Und dann ist sie reingegangen.“","3600","app/mods/villa.js","1065","villa_krBand","",""
"DLG_villa_0076","","","Der Stromstoß hat das ganze Haus aufgeweckt. Das Radio auf dem Schreibtisch rauscht. Draußen hat die Presse dreimal ins Leere gestampft.","4200","app/mods/villa.js","1072","villa_ag14","",""
"DLG_villa_0077","","","Unter dem Porträt steht Heinrich Wolter. Hut auf, Handschuhe an, die Thermoskanne auf dem Buffet neben den heruntergebrannten Kerzen. Whiskey sitzt oben auf dem Geländer der Galerie, still.","6200","app/mods/villa.js","1073","villa_ag14","",""
"DLG_villa_0078","","","Er geht. Nicht schnell. Die Thermoskanne bleibt auf dem Buffet stehen. Draußen steigen zwei in den Kombi. Nachsorge 12 winkt dir durchs Fenster zu, mit einer Stulle.","6200","app/mods/villa.js","1086","villa_ag14","",""
"DLG_villa_0079","LUKE","","Schmeckt nach Zahnarzt. Und nach … nein. Nicht drüber nachdenken.","4200","app/mods/villa.js","1093","villa_teeTrinken","",""
"DLG_villa_0080","WOLTER","wolter","„Kommen Sie.“","1600","app/mods/villa.js","1098","villa_hoehepunktB","",""
"DLG_villa_0081","WHISKEY","","„Kum!“","2600","app/mods/villa.js","1109","villa_w11Ruf","",""
"DLG_villa_0082","","","Whiskey legt etwas auf das Papier, genau auf das Wort „Werkzeug“: einen kleinen silbernen Ring. Einen halben Mond, für eine Frauenhand.","5600","app/mods/villa.js","1112","villa_w11Akte","",""
"DLG_villa_0083","","","Du nimmst ihn. Du siehst deine linke Handfläche an, die halbrunde Narbe, den „Fahrradunfall“. Du legst den Ring auf die Narbe. Er passt. Genau.","6400","app/mods/villa.js","1112","villa_w11Akte","",""
"DLG_villa_0084","","","„Das war kein Fahrrad.“","2600","app/mods/villa.js","1115","villa_w11Akte","",""
"DLG_villa_0085","","","Whiskey sitzt da und putzt sich nicht.","2600","app/mods/villa.js","1115","villa_w11Akte","",""
"DLG_villa_0086","LUKE","","Der Ring, der sich in seine Hand gebrannt hat. Und in meine, weil ich aus seiner gemacht bin.","4800","app/mods/villa.js","1117","villa_w11Akte","",""
"DLG_villa_0087","","","Du hebst das Bild an. Hinter dem Rahmen, zwischen Leinwand und Rückwand, steckt ein gefaltetes Blatt.","4200","app/mods/villa.js","1158","villa_portraet","",""
"DLG_villa_0088","","","Die ersten fünf Noten kennst du. Du summst sie, ohne es zu wollen. Lucys Spieluhr. Das Lied aus Mamas Liederheft. Das, was Justin gesummt hat.","6200","app/mods/villa.js","1161","villa_portraet","",""
"DLG_villa_0089","LUKE","","Zwei Handschriften. Eine alte. Und eine, die Notenlinien mit dem Lineal zieht.","4200","app/mods/villa.js","1161","villa_portraet","",""
"DLG_villa_0090","","","Die Hand, die die Laterne hält, trägt keinen Ring. Am Ringfinger ist die Haut heller, wie bei jemandem, der ihn sehr lange getragen hat.","5600","app/mods/villa.js","1162","villa_portraet","",""
"DLG_visionen_0001","LUKE","","Die Steine werden warm. Und plötzlich sehe ich alles, wie ich es als Kind gesehen hab: wo man suchen muss.","5200","app/mods/visionen.js","49","kinderblick","",""
"DLG_visionen_0002","LUKE","","Rot. Da. Sie steht hinter der Wand. Sie wartet.","3600","app/mods/visionen.js","50","kinderblick","",""
"DLG_wald_0001","LUKE","","Du bist ein Wolf. Wölfe haben keine Angst. … Ich hab auch Angst, okay? Wir machen das zusammen.","5200","app/mods/wald.js","173","wald_pup","",""
"DLG_wald_0002","LUKE","","Nicht helfen. Bitte nicht helfen.","2400","app/mods/wald.js","178","wald_whiskeyWelpe","",""
"DLG_wald_0003","LUKE","","Ich muss sie vor mir haben. Beide.","2600","app/mods/wald.js","186","wald_cutTick","",""
"DLG_wald_0004","","","Der Welpe beißt in deinen Ärmel und lässt nicht los. Dann doch. Er humpelt zu den Wölfen.","3600","app/mods/wald.js","199","wald_pupFrei","",""
"DLG_wald_0005","LUKE","","Die haben einen Welpen an einen Draht gebunden, damit was Hungriges kommt. … Und mir haben sie Tee angeboten.","5200","app/mods/wald.js","203","wald_pupFrei","",""
"DLG_wald_0006","LUKE","","Ich bin Tontechniker. Ich kann leise. Leise ist mein Beruf.","3400","app/mods/wald.js","251","wald_hirschFertig","",""
"DLG_wald_0007","LUKE","","… Meistens.","1800","app/mods/wald.js","252","wald_hirschFertig","",""
"DLG_wald_0008","LUKE","","Die gehen zurück, wenn ich leuchte.","2600","app/mods/wald.js","281","wald_hirschFertig","",""
"DLG_wald_0009","LUKE","","Nicht rennen. Lampe an. … Nicht rennen, Lampe an.","3000","app/mods/wald.js","285","wald_hirschFertig","",""
"DLG_wald_0010","LUKE","","Er rennt. Gut. Ein echter.","2400","app/mods/wald.js","301","wald_dropShoe","",""
"DLG_weiss_0001","","","Nicht deine. Nicht Lucys.","2600","app/mods/weiss.js","206","weiss_schrank","",""
"DLG_weiss_0002","","","„Der Knabe, der hier schlief … Lass ihn. Sieh nicht so genau hin.“","4400","app/mods/weiss.js","206","weiss_schrank","",""
"DLG_weiss_0003","","","Am Küchentisch sitzt Frau Wendt. Die Frau, die das Licht vor deinen Augen nach oben gerissen hat.","4400","app/mods/weiss.js","216","weiss_schrank","",""
"DLG_weiss_0004","HILDE WENDT","hilde","„Luke. Oder wie immer du heißt.“","2800","app/mods/weiss.js","216","weiss_schrank","",""
"DLG_weiss_0005","HILDE WENDT","hilde","„So lange hab ich auf meinen Zayn gewartet. Jetzt bin ich bei ihm. Nur anders, als ich wollte.“","4400","app/mods/weiss.js","216","weiss_schrank","",""
"DLG_weiss_0006","HILDE WENDT","hilde","„Die Uhr da. Stell sie auf die Zeit, zu der sie dich gebracht haben. Dann lässt es euch durch.“","4600","app/mods/weiss.js","229","weiss_hildeEnde","",""
"DLG_weiss_0007","","","Die Uhr schlägt einmal. Frau Wendt steht auf und geht zur Tür.","3800","app/mods/weiss.js","233","weiss_hildeEnde","",""
"DLG_weiss_0008","HILDE WENDT","hilde","„Zähl für mich weiter.“","2800","app/mods/weiss.js","233","weiss_hildeEnde","",""
"DLG_weiss_0009","","","Sie löst sich auf wie Atem an einer Scheibe.","3200","app/mods/weiss.js","235","weiss_hildeEnde","",""
"DLG_weiss_0010","","","Justin steht in der Tür. Er sieht dich nicht an.","3000","app/mods/weiss.js","235","weiss_hildeEnde","",""
"DLG_weiss_0011","","","„Komm. Der letzte Raum. Da wollte ich nie mit jemandem hin.“","3400","app/mods/weiss.js","235","weiss_hildeEnde","",""
"DLG_weiss_0012","","","„Das ist die Nacht. Ich seh sie jedes Mal, wenn ich reinkomme. Sie ist immer gleich.“","4400","app/mods/weiss.js","250","weiss_hildeEnde","",""
"DLG_weiss_0013","","","„Sie ging hinein, für Luna. Ich hatte ihre Hand. Der Riss kam, und er zog, und das Licht hat mir die Haut verbrannt.“","5600","app/mods/weiss.js","251","weiss_hildeEnde","",""
"DLG_weiss_0014","","","„Sie hat losgelassen. Ich hielt, bis das Licht mir die Hand nahm.“","4200","app/mods/weiss.js","251","weiss_hildeEnde","",""
"DLG_weiss_0015","","","Das stimmt. Aber es reicht nicht. Wo ist er gegangen?","3400","app/mods/weiss.js","264","weiss_luegtWahl","",""
"DLG_weiss_0016","","","Justin sieht auf die Kante hinunter.","3200","app/mods/weiss.js","266","weiss_luegtWahl","",""
"DLG_weiss_0017","","","„Ich hab’s nicht gewollt. Es hat gebrannt, und ich hab geschrien, und dann war die Hand auf. Einfach auf. Wie vom Topf.“","5600","app/mods/weiss.js","270","weiss_gestaendnis","",""
"DLG_weiss_0018","","","„Jede Nacht hab ich’s anders erzählt. Irgendwann glaubt man sich.“","4000","app/mods/weiss.js","271","weiss_gestaendnis","",""
"DLG_weiss_0019","","","„Mira.“","2400","app/mods/weiss.js","271","weiss_gestaendnis","",""
"DLG_weiss_0020","","","Sie hat gehalten.","2600","app/mods/weiss.js","272","weiss_gestaendnis","",""
"DLG_weiss_0021","","","„Ja.“","1800","app/mods/weiss.js","272","weiss_gestaendnis","",""
"DLG_weiss_0022","","","Das war nie ein UFO. Das ist ein Tier, und es ist krank.","3800","app/mods/weiss.js","289","weiss_teil2","",""
"DLG_weiss_0023","","","Justin tritt mit dir an der Hand in den Kreis.","3200","app/mods/weiss.js","292","weiss_teil2","",""
"DLG_weiss_0024","DAS KIND","luna","„… Papa?“","2600","app/mods/weiss.js","293","weiss_teil2","",""
"DLG_weiss_0025","DAS KIND","luna","„Bruder. Du hast ihn mitgebracht.“","2800","app/mods/weiss.js","297","weiss_teil2","",""
"DLG_weiss_0026","","","Sie lacht, glücklich. Die sieben auf den Stühlen lachen mit, ohne Münder.","4200","app/mods/weiss.js","297","weiss_teil2","",""
"DLG_weiss_0027","DAS KIND","luna","„Ich hab dich gemacht. Aus seiner Hand. Darum hast du seine Augen.“","4600","app/mods/weiss.js","300","weiss_teil2","",""
"DLG_weiss_0028","DAS KIND","luna","„Ich hab die ganze Nacht durch dich geguckt.“","3400","app/mods/weiss.js","300","weiss_teil2","",""
"DLG_weiss_0029","DAS KIND","luna","„Papa mogelt. Er ruft und ruft, und er ist nicht da. Wie die Großen beim Verstecken, wenn sie keine Lust mehr haben.“","5600","app/mods/weiss.js","301","weiss_teil2","",""
"DLG_weiss_0030","DAS KIND","luna","„Siebenhundertvierzehn Jahre, Papa. Zweiundvierzig Mal hab ich gerufen.“","4400","app/mods/weiss.js","306","weiss_teil2","",""
"DLG_weiss_0031","DAS KIND","luna","„Der alte Mann mit dem Silberhut. Der guckt immer nach oben. Ich wink ihm.“","4200","app/mods/weiss.js","307","weiss_teil2","",""
"DLG_weiss_0032","DAS KIND","luna","„Die Frau hat so schön gezählt. Ich hab ihr zugehört, jede Nacht.“","4000","app/mods/weiss.js","308","weiss_teil2","",""
"DLG_weiss_0033","DAS KIND","luna","„Du bist rangegangen. Endlich.“","3000","app/mods/weiss.js","309","weiss_teil2","",""
"DLG_weiss_0034","DAS KIND","luna","„Onkel Peter ist heimgekommen. Du hast ihn warm gemacht.“","3800","app/mods/weiss.js","310","weiss_teil2","",""
"DLG_weiss_0035","DAS KIND","luna","„Das Spiel ist erst aus, wenn alle gefunden sind. Papa ist gefunden. Fast.“","4600","app/mods/weiss.js","314","weiss_teil2","",""
"DLG_weiss_0036","DAS KIND","luna","„Ein Stück von Papa ist noch draußen.“","3200","app/mods/weiss.js","314","weiss_teil2","",""
"DLG_weiss_0037","","","Sie sieht dich an.","2400","app/mods/weiss.js","315","weiss_teil2","",""
"DLG_weiss_0038","","","Du hättest es sagen können.","2600","app/mods/weiss.js","318","weiss_teil2","",""
"DLG_weiss_0039","","","„Dann hättest du weggesehen.“","2800","app/mods/weiss.js","318","weiss_teil2","",""
"DLG_weiss_0040","","","„Du bist aus mir gemacht. Du träumst ihre Träume. Sag mir, Knabe: Was will sie?“","5200","app/mods/weiss.js","322","weiss_teil2","",""
"DLG_weiss_0041","","","Justin nimmt den Helm ab.","2600","app/mods/weiss.js","347","weiss_helmSzene","",""
"DLG_weiss_0042","DAS KIND","luna","„Papa.“","2400","app/mods/weiss.js","348","weiss_helmSzene","",""
"DLG_weiss_0043","","","„Ich hab es an der Kreuzung gewusst. Deine Augen. Ich hab dich gebraucht, damit sie mich sieht.“","5200","app/mods/weiss.js","349","weiss_helmSzene","",""
"DLG_weiss_0044","","","„Ich hatte kein anderes Fenster.“","3000","app/mods/weiss.js","349","weiss_helmSzene","",""
"DLG_weiss_0045","LUKE","","Der Abend vor dem Achtundzwanzigsten. Alles hier ist von diesem Abend.","4200","app/mods/weiss.js","440","weiss_r1Sehen","",""
"DLG_weiss_0046","","","Kein Oben, kein Unten. Weiß, das nach Sommer riecht, nach gemähtem Gras und heißem Asphalt.","4400","app/mods/weiss.js","449","weiss_r1Sehen","",""
"DLG_weiss_0047","","","„Es baut aus dem, was es genommen hat. Zimmer, Küchen, Wiesen. Es zeigt dir, was du kennst. Eins davon lügt. Immer.“","5400","app/mods/weiss.js","449","weiss_r1Sehen","",""
"DLG_weiss_0048","","","„Dein Zimmer.“","1800","app/mods/weiss.js","455","weiss_r1Sehen","",""
"DLG_weiss_0049","","","„Nein. Seines. Der Abend, bevor er ging.“","3200","app/mods/weiss.js","455","weiss_r1Sehen","",""
"DLG_weiss_0050","","","Die Karte zerfällt zu weißem Staub. Die Tür gleitet auf.","3000","app/mods/weiss.js","459","weiss_r1Sehen","",""
"DLG_weiss_0051","","","„Den zehnten Geburtstag hat der Knabe, der hier schlief, nie gehabt.“","4200","app/mods/weiss.js","459","weiss_r1Sehen","",""
"DLG_weiss_0052","","","Ich schon. Das ist meine Erinnerung. Nicht seine.","3200","app/mods/weiss.js","459","weiss_r1Sehen","",""
"DLG_weiss_0053","","","Nein. Das war hier. In dieser Nacht.","3200","app/mods/weiss.js","461","weiss_r1Sehen","",""
"DLG_weiss_0054","","","„Alles hier gab es am Abend, bevor er ging. Was gab es erst danach?“","4400","app/mods/weiss.js","463","weiss_r1Sehen","",""
"DLG_weiss_0055","LUKE","","Oma hat mir zum Zehnten fünf Euro geschenkt. Mir.","3600","app/mods/weiss.js","465","weiss_r1Sehen","",""
"DLG_weiss_0056","","","Nicht meine. Nicht Lucys.","2600","app/mods/weiss.js","469","weiss_r1Sehen","",""
"DLG_weiss_0057","","","„Lass ihn zu. Sieh nicht so genau hin.“","3400","app/mods/weiss.js","469","weiss_r1Sehen","",""
"DLG_weiss_0058","LUKE","","Jede Uhr im Dorf ist heut Nacht bei derselben Minute stehen geblieben.","4000","app/mods/weiss.js","486","weiss_uhrFehl","",""
"DLG_weiss_0059","HILDE WENDT","hilde","„Du hast sie doch schlagen hören, Junge.“","3400","app/mods/weiss.js","487","weiss_uhrFehl","",""
"DLG_weiss_0060","","","„Die dritte Stunde. Dreizehn Atemzüge.“","3400","app/mods/weiss.js","488","weiss_uhrFehl","",""
"DLG_weiss_0061","LUKE","","Ein Pfarrer. Grau wie die Kinder. Ich dachte, sie behält nur Kinder.","3800","app/mods/weiss.js","493","weiss_voss","",""
"DLG_weiss_0062","","","„Der wollte die Kinder aus dem Dorf bringen. Die in den grauen Mänteln haben die Straße zugemacht.“","5000","app/mods/weiss.js","494","weiss_voss","",""
"DLG_weiss_0063","","","„Da hat er sie in den Keller unter der Kapelle gebracht. Und ist selbst in den Nebel gegangen, damit sie einen hat.“","5400","app/mods/weiss.js","494","weiss_voss","",""
"DLG_weiss_0064","","","Voss. Das ist Pfarrer Voss.","2600","app/mods/weiss.js","495","weiss_voss","",""
"DLG_weiss_0065","","","Ich bring Ihnen die Reifen in Ordnung.","3000","app/mods/weiss.js","495","weiss_voss","",""
"DLG_weiss_0066","","","Die Uhr schlägt einmal. Frau Wendt steht auf und geht zur Tür. Sie bleibt neben dir stehen, ohne dich anzusehen.","4600","app/mods/weiss.js","500","weiss_voss","",""
"DLG_weiss_0067","HILDE WENDT","hilde","„Ich hab die Lose gezogen, Junge. Auch seins.“","3400","app/mods/weiss.js","501","weiss_voss","",""
"DLG_weiss_0068","HILDE WENDT","hilde","„Zähl für mich weiter.“","2800","app/mods/weiss.js","502","weiss_voss","",""
"DLG_weiss_0069","","","Der Pfarrer auf dem Stuhl dreht den Kopf zu dir, zum ersten Mal, und nickt, ganz leicht.","3800","app/mods/weiss.js","505","weiss_voss","",""
"DLG_weiss_0070","","","„Komm. Der letzte Raum. Da wollte ich nie mit jemandem hin.“","3400","app/mods/weiss.js","505","weiss_voss","",""
"DLG_weiss_0071","","","„Das ist die Nacht. Ich seh sie jedes Mal, wenn ich reinkomme. Sie ist immer gleich.“","4400","app/mods/weiss.js","518","weiss_voss","",""
"DLG_weiss_0072","","","„Sie ging hinein, für Luna. Ich hatte ihre Hand. Der Riss kam, und er zog, und das Licht hat mir die Haut verbrannt.“","5600","app/mods/weiss.js","519","weiss_voss","",""
"DLG_weiss_0073","","","„Sie hat losgelassen. Ich hielt, bis das Licht mir die Hand nahm.“","4200","app/mods/weiss.js","519","weiss_voss","",""
"DLG_weiss_0074","","","„Sieh nicht auf sie. Sieh, wohin du willst.“","3200","app/mods/weiss.js","524","weiss_haendeAuftrag","",""
"DLG_weiss_0075","","","„Ja. So war es.“","1600","app/mods/weiss.js","536","weiss_tafelWahl","",""
"DLG_weiss_0076","","","… Nein. Noch mal.","2400","app/mods/weiss.js","536","weiss_tafelWahl","",""
"DLG_weiss_0077","LUKE","","Einer von beiden hat die Hand noch zu.","3400","app/mods/weiss.js","539","weiss_tafelWahl","",""
"DLG_weiss_0078","","","Du sagst es nicht. Du siehst Justin an. Er sieht auf seine linke Hand. Er zieht den Handschuh aus. Die Handfläche: eine halbrunde Brandnarbe. Dieselbe wie deine.","6400","app/mods/weiss.js","541","weiss_gestaendnisF3","",""
"DLG_weiss_0079","","","Du hältst deine Hand daneben. Zwei halbe Monde.","3200","app/mods/weiss.js","542","weiss_gestaendnisF3","",""
"DLG_weiss_0080","","","„… Ihre Finger sind zu.“","2600","app/mods/weiss.js","543","weiss_gestaendnisF3","",""
"DLG_weiss_0081","","","„Ich hab’s nicht gewollt. Es hat gebrannt, und ich hab geschrien, und dann war die Hand auf. Einfach auf. Wie vom Topf.“","5600","app/mods/weiss.js","543","weiss_gestaendnisF3","",""
"DLG_weiss_0082","","","„Jede Nacht hab ich’s anders erzählt. Irgendwann glaubt man sich.“","4000","app/mods/weiss.js","544","weiss_gestaendnisF3","",""
"DLG_weiss_0083","","","Sie hat gehalten.","2400","app/mods/weiss.js","544","weiss_gestaendnisF3","",""
"DLG_weiss_0084","","","„Ja.“","1600","app/mods/weiss.js","544","weiss_gestaendnisF3","",""
"DLG_weiss_0085","","","„Mira.“","2400","app/mods/weiss.js","545","weiss_gestaendnisF3","",""
"DLG_weiss_0086","NACHBILD","","Zwei schmale nackte Füße, eine Frau, die Fersen tief im Reif, gegen den Zug.","4200","app/mods/weiss.js","547","weiss_gestaendnisF3","",""
"DLG_weiss_0087","NACHBILD","","Daneben ein großer Stiefel, der Stück für Stück zur Kante rutscht.","4000","app/mods/weiss.js","547","weiss_gestaendnisF3","",""
"DLG_weiss_0088","NACHBILD","","Sie zieht nach hinten. Er wird mitgenommen. Dann ein Schrei.","3600","app/mods/weiss.js","548","weiss_gestaendnisF3","",""
"DLG_weiss_0089","NACHBILD","","Dann ist nur noch der Stiefel da.","3000","app/mods/weiss.js","548","weiss_gestaendnisF3","",""
"DLG_weiss_0090","LUNA","luna","„… fünfzehn … sechzehn …“","3000","app/mods/weiss.js","562","weiss_gestaendnisF3","",""
"DLG_weiss_0091","","","Das war nie ein UFO. Das ist ein Tier, und es ist krank.","3800","app/mods/weiss.js","564","weiss_gestaendnisF3","",""
"DLG_weiss_0092","LUNA","luna","„… Papa?“","2400","app/mods/weiss.js","567","weiss_gestaendnisF3","",""
"DLG_weiss_0093","LUNA","luna","„Bruder. Du hast ihn mitgebracht.“","2800","app/mods/weiss.js","570","weiss_gestaendnisF3","",""
"DLG_weiss_0094","LUNA","luna","„Ich hab dich gemacht. Aus seiner Hand. Darum hast du seine Augen.“","4600","app/mods/weiss.js","573","weiss_gestaendnisF3","",""
"DLG_weiss_0095","LUNA","luna","„Ich hab die ganze Nacht durch dich geguckt.“","3400","app/mods/weiss.js","573","weiss_gestaendnisF3","",""
"DLG_weiss_0096","LUNA","luna","„Papa mogelt. Er ruft und ruft, und er ist nicht da. Wie die Großen beim Verstecken, wenn sie keine Lust mehr haben.“","5600","app/mods/weiss.js","580","weiss_gestaendnisF3","",""
"DLG_weiss_0097","","","Du hättest es sagen können.","2600","app/mods/weiss.js","584","weiss_gestaendnisF3","",""
"DLG_weiss_0098","","","„Dann hättest du weggesehen.“","2800","app/mods/weiss.js","584","weiss_gestaendnisF3","",""
"DLG_weiss_0099","LUNA","luna","„Die Frau hat so schön gezählt. Ich hab ihr zugehört, jede Nacht.“","4000","app/mods/weiss.js","587","weiss_gestaendnisF3","",""
"DLG_weiss_0100","LUNA","luna","„Du bist rangegangen. Endlich.“","2800","app/mods/weiss.js","588","weiss_gestaendnisF3","",""
"DLG_weiss_0101","LUNA","luna","„Der alte Mann mit dem Silberhut. Der guckt immer nach oben. Ich wink ihm.“","4200","app/mods/weiss.js","589","weiss_gestaendnisF3","",""
"DLG_weiss_0102","LUNA","luna","„Onkel Peter ist heimgekommen. Du hast ihn warm gemacht.“","3800","app/mods/weiss.js","590","weiss_gestaendnisF3","",""
"DLG_weiss_0103","LUNA","luna","„Auf dem Fenster in der Kirche bin ich ganz vorn. Mit meiner Laterne. Die hab ich immer noch.“","4600","app/mods/weiss.js","591","weiss_gestaendnisF3","",""
"DLG_weiss_0104","LUNA","luna","„Der mit den blauen Augen hat Klar gesagt. Der darf immer mitspielen.“","4200","app/mods/weiss.js","592","weiss_gestaendnisF3","",""
"DLG_weiss_0105","LUNA","luna","„Das Spiel ist erst aus, wenn alle gefunden sind. Papa ist gefunden. Fast.“","4600","app/mods/weiss.js","595","weiss_gestaendnisF3","",""
"DLG_weiss_0106","LUNA","luna","„Ein Stück von Papa ist noch draußen.“","3200","app/mods/weiss.js","595","weiss_gestaendnisF3","",""
"DLG_weiss_0107","","","„Großer.“","2200","app/mods/weiss.js","596","weiss_gestaendnisF3","",""
"DLG_weiss_0108","","","„Du bist aus mir gemacht. Du träumst ihre Träume. Sag mir, Knabe: Was will sie?“","5200","app/mods/weiss.js","600","weiss_gestaendnisF3","",""
"DLG_weiss_0109","","","Lucys Stuhl flackert. Dann steht sie neben dir, nass, und hält deine Hand. Richtig. Fünf Finger, abgekaute Nägel.","5200","app/mods/weiss.js","604","weiss_gestaendnisF3","",""
"DLG_weiss_0110","LUCY","lucy","„Großer. Du atmest immer noch.“","3000","app/mods/weiss.js","604","weiss_gestaendnisF3","",""
"DLG_whiskey_0001","","","kinderlachen","","app/mods/whiskey.js","49","whiskey_sb","",""
"DLG_whiskey_0002","","","funk","","app/mods/whiskey.js","66","whiskey_sb","",""
"DLG_whiskey_0003","","","kinderlachen","","app/mods/whiskey.js","68","whiskey_sb","",""
"DLG_whiskey_0004","","","autotuer","","app/mods/whiskey.js","195","whiskey_mimic","gurren",""
"DLG_whiskey_0005","","","„{…}“ – alt für „{…}“","","app/mods/whiskey.js","202","whiskey_mimic","gurren",""
"DLG_whiskey_0006","LUKE","","Ein Rabe. Groß, schwarz, die Augen fast weiß. Der aus meinem Traum. Er sieht mich an, als hätte er auf mich gewartet.","4600","app/mods/whiskey.js","256","whiskey_k1Start","",""
"DLG_whiskey_0007","LUKE","","Du. Du warst im Traum. Du hast geredet.","2600","app/mods/whiskey.js","257","whiskey_k1Start","",""
"DLG_whiskey_0008","","","gurren","","app/mods/whiskey.js","257","whiskey_k1Start","",""
"DLG_whiskey_0009","LUKE","","Okay. Hab ich mir eingebildet.","2400","app/mods/whiskey.js","257","whiskey_k1Start","",""
"DLG_whiskey_0010","LUKE","","Gib den her.","1800","app/mods/whiskey.js","264","whiskey_w03","",""
"DLG_whiskey_0011","LUKE","","Ich mein’s ernst. Das ist ein Leihwagen.","2400","app/mods/whiskey.js","264","whiskey_w03","",""
"DLG_whiskey_0012","LUKE","","Ein Einkaufswagenchip. Du hast mich um einen Einkaufswagenchip erpresst.","3600","app/mods/whiskey.js","273","whiskey_w03","",""
"DLG_whiskey_0013","LUKE","","Ich hab gerade mit einem Vogel gehandelt. Und ich hab verloren.","3600","app/mods/whiskey.js","273","whiskey_w03","",""
"DLG_whiskey_0014","LUKE","","Der guckt auf meine Hosentasche wie Lucy früher auf die Kasse vom Kiosk.","4600","app/mods/whiskey.js","278","whiskey_w03Hilfe","",""
"DLG_whiskey_0015","LUKE","","Ja. Ja, ich hab’s verstanden. Du musst nicht so tun, als wär ich hier der Langsamste.","4200","app/mods/whiskey.js","282","whiskey_k15","",""
"DLG_whiskey_0016","LUKE","","… Okay. Bin ich.","2000","app/mods/whiskey.js","282","whiskey_k15","",""
"DLG_whiskey_0017","","","knurren","","app/mods/whiskey.js","285","whiskey_w01","",""
"DLG_whiskey_0018","LUKE","","Whiskey.","1400","app/mods/whiskey.js","287","whiskey_w01","",""
"DLG_whiskey_0019","LUKE","","Raben werden keine fünfzig.","2200","app/mods/whiskey.js","288","whiskey_w01","",""
"DLG_whiskey_0020","LUKE","","Ein Ring. Aus Eisen. Da ist was drin … ein Turm. Über einem Loch. Wer beringt einen Raben mit einem Turm?","4800","app/mods/whiskey.js","296","whiskey_w02b","",""
"DLG_whiskey_0021","","","himmelherrgott","","app/mods/whiskey.js","310","whiskey_speck1","",""
"DLG_whiskey_0022","LUKE","","Ich hab gar nichts gesehen.","2000","app/mods/whiskey.js","311","whiskey_speck1","",""
"DLG_whiskey_0023","LUKE","","Er hat die Kompression falsch. Wer bringt einem Vogel Kompression bei?","3600","app/mods/whiskey.js","312","whiskey_speck1","",""
"DLG_whiskey_0024","LUKE","","Eine Pfanne am gekippten Küchenfenster, ein Nudelsieb drüber. Und auf dem Sieb: der Vogel.","4400","app/mods/whiskey.js","350","whiskey_speck3","",""
"DLG_whiskey_0025","LUKE","","Da ist das Zeichen. Von deinem Ring. Hier schläft jemand.","3200","app/mods/whiskey.js","355","whiskey_w04","",""
"DLG_whiskey_0026","LUKE","","… Hier schläft jemand seit sehr langer Zeit.","3000","app/mods/whiskey.js","355","whiskey_w04","",""
"DLG_whiskey_0027","GISELA","gisela","„Sag ich doch. Der Vogel kriegt nix. Der nimmt sich.“","3600","app/mods/whiskey.js","362","whiskey_kanonGisela","",""
"DLG_whiskey_0028","LUKE","","SCHEISSE!","1400","app/mods/whiskey.js","368","whiskey_schacht","",""
"DLG_whiskey_0029","","","scheisse","","app/mods/whiskey.js","368","whiskey_schacht","",""
"DLG_whiskey_0030","LUKE","","… Das war jetzt neu.","2200","app/mods/whiskey.js","368","whiskey_schacht","",""
"DLG_whiskey_0031","EINE MÄNNERSTIMME IM NEBEL","","„Wer da?“","1800","app/mods/whiskey.js","370","whiskey_schacht","",""
"DLG_whiskey_0032","","","scheisse","","app/mods/whiskey.js","373","whiskey_fluch","",""
"DLG_whiskey_0033","LUKE","","Das ist mein Wort. Such dir ein eigenes.","2800","app/mods/whiskey.js","374","whiskey_fluch","",""
"DLG_whiskey_0034","JUSTIN","justin","„Wîse. Du alter Dieb.“","2600","app/mods/whiskey.js","380","whiskey_w06","",""
"DLG_whiskey_0035","LUKE","","Der heißt Whiskey.","2000","app/mods/whiskey.js","380","whiskey_w06","",""
"DLG_whiskey_0036","JUSTIN","justin","„Euer Nachbar glaubt, er hat ihn getauft. Der Vogel hat sich den Namen ausgesucht. Er gehörte meiner Frau.“","5200","app/mods/whiskey.js","380","whiskey_w06","",""
"DLG_whiskey_0037","","","gurren","","app/mods/whiskey.js","381","whiskey_w06","",""
"DLG_whiskey_0038","LUKE","","Eine Rabenfeder im Helmband. Wie die unten am Stuhl. Dann warst du das, da unten.","4200","app/mods/whiskey.js","382","whiskey_w06","",""
"DLG_whiskey_0039","JUSTIN","justin","„Er findet immer heim. Zu ihr.“","2800","app/mods/whiskey.js","383","whiskey_w06","",""
"DLG_whiskey_0040","LUKE","","Er redet von ihr, als wäre sie nicht tot. Als würde sie noch kommen.","4200","app/mods/whiskey.js","386","whiskey_w06","",""
"DLG_whiskey_0041","","","funk3110","","app/mods/whiskey.js","389","whiskey_funk3110","",""
"DLG_whiskey_0042","LUKE","","Das hat er aufgeschnappt. Bei Vegas. Natürlich.","3200","app/mods/whiskey.js","389","whiskey_funk3110","",""
"DLG_whiskey_0043","","","funk","","app/mods/whiskey.js","389","whiskey_funk3110","",""
"DLG_whiskey_0044","LUKE","","Schreiben. Ja. Danke. Ich kann auch selber –","2800","app/mods/whiskey.js","392","whiskey_schreibgeste","",""
"DLG_whiskey_0045","","","gurren","","app/mods/whiskey.js","394","whiskey_ersterLaut","",""
"DLG_whiskey_0046","LUKE","","Du bist ein Hehler mit Federn.","2600","app/mods/whiskey.js","402","whiskey_kanonVegas","",""
"DLG_whiskey_0047","","","klingelton","","app/mods/whiskey.js","407","whiskey_w09","",""
"DLG_whiskey_0048","","","himmelherrgott","","app/mods/whiskey.js","407","whiskey_w09","",""
"DLG_whiskey_0049","LUKE","","Das war knapp. Das war so knapp, und du hast es absichtlich knapp gemacht.","3800","app/mods/whiskey.js","408","whiskey_w09Ende","",""
"DLG_whiskey_0050","","","klingelton","","app/mods/whiskey.js","408","whiskey_w09Ende","",""
"DLG_whiskey_0051","","","such","","app/mods/whiskey.js","415","whiskey_suchBild","",""
"DLG_whiskey_0052","","","schrei","","app/mods/whiskey.js","417","whiskey_kellertreppe","",""
"DLG_whiskey_0053","LARS VEGAS","vegas","„Der nimmt Zoll. Seit fünfundsiebzig.“","3000","app/mods/whiskey.js","419","whiskey_zoll","",""
"DLG_whiskey_0054","LUKE","","Er tauscht. Er hat den Chip die ganze Zeit behalten, um ihn gegen was Besseres zu tauschen.","4200","app/mods/whiskey.js","426","whiskey_papasMarke","",""
"DLG_whiskey_0055","","","bedauerlich","","app/mods/whiskey.js","435","whiskey_kombi","",""
"DLG_whiskey_0056","","","wiegenlied","","app/mods/whiskey.js","436","whiskey_w12nah","",""
"DLG_whiskey_0057","LUKE","","Du hast mir die Bezahlung selber mitgebracht. Das ist … das ist Geldwäsche.","4200","app/mods/whiskey.js","448","whiskey_kanonBaumhaus","",""
"DLG_whiskey_0058","LUKE","","Der letzte Müsliriegel. Haselnuss. Zerbröselt.","2800","app/mods/whiskey.js","452","whiskey_k63","",""
"DLG_whiskey_0059","LUKE","","Sag’s keinem. Vegas denkt, ich hab dich im Griff.","3200","app/mods/whiskey.js","452","whiskey_k63","",""
"DLG_whiskey_0060","","","junge","","app/mods/whiskey.js","452","whiskey_k63","",""
"DLG_whiskey_0061","","","bedauerlich","","app/mods/whiskey.js","454","whiskey_bedauerlich","",""
"DLG_whiskey_0062","LUKE","","Wo hast du DAS her? Nein. Nicht. Lass das.","3000","app/mods/whiskey.js","455","whiskey_bedauerlich","",""
"DLG_whiskey_0063","","","bedauerlich_kurz","","app/mods/whiskey.js","455","whiskey_bedauerlich","",""
"DLG_whiskey_0064","","","Der Kiefernzapfen trifft nicht.","2400","app/mods/whiskey.js","455","whiskey_bedauerlich","",""
"DLG_whiskey_0065","","","luna","","app/mods/whiskey.js","458","whiskey_luna","",""
"DLG_whiskey_0066","","","schrei","","app/mods/whiskey.js","593","whiskey_perchTick","",""
"DLG_whiskey_0067","LUKE","","Er kommt nicht mit runter. Kluger Vogel.","3200","app/mods/whiskey.js","593","whiskey_perchTick","",""
"DLG_whiskey_0068","","","such","","app/mods/whiskey.js","596","whiskey_perchTick","",""
"DLG_zayn_0001","LUKE","","schuh","","app/mods/zayn.js","144","zayn_shoeDropped","",""
"DLG_zayn_0002","LUKE","","Jonas hat ihm immer die Hälfte abgegeben. Ich nie. Ich schulde ihm Brause. Siebzehn Jahre Zinsen. Ich bin pleite.","5600","app/mods/zayn.js","151","zayn_take","",""
"DLG_zayn_0003","","","Eine Murmel. Ein Schuh. Kreide. Brause.","3200","app/mods/zayn.js","152","zayn_take","",""
"DLG_zayn_0004","","","Das sind keine Zufälle. Das sind deine Sachen – deine Sommer, dein Spielplatz, deine Tankstelle.","5200","app/mods/zayn.js","152","zayn_take","",""
"DLG_zayn_0005","","","Zayn hat sie nicht verloren. Er hat Erinnerungen nachgestellt. Für dich.","4800","app/mods/zayn.js","152","zayn_take","",""
"DLG_zayn_0006","","","Du erinnerst dich. Ein Sommernachmittag, das Klettergerüst. Zayn unten, zu klein zum Hochkommen. Er hatte Angst vor dem Wald.","5600","app/mods/zayn.js","159","zayn_drawing","",""
"DLG_zayn_0007","","","„Wenn du Angst hast, holen wir dich.“ Jonas hat es gesagt. Du auch. Die Hand auf dem Herzen.","5200","app/mods/zayn.js","160","zayn_drawing","",""
"DLG_zayn_0008","","","Dann kam der Sommer 2009. Zayn ging ins Licht, und keiner hat ihn geholt. Jonas hat gesucht. Du nicht.","6400","app/mods/zayn.js","160","zayn_drawing","",""
"DLG_zayn_0009","","","*Rauschen* – dann ein Klicken. Eine Aufnahme.","2600","app/mods/zayn.js","169","zayn_radio","",""
"DLG_zayn_0010","ZAYN","zayn","„Ich weiß noch, was ihr gesagt habt.“","3800","app/mods/zayn.js","169","zayn_radio","",""
"DLG_zayn_0011","ZAYN","zayn","„Ihr habt gesagt, ihr holt mich.“","3800","app/mods/zayn.js","170","zayn_radio","",""
"DLG_zayn_0012","","","Kinderlachen. Mehrere Kinder. Ganz nah – dann weit weg.","3000","app/mods/zayn.js","170","zayn_radio","",""
"DLG_zayn_0013","ZAYN","zayn","„Deshalb hab ich gewartet.“","4200","app/mods/zayn.js","171","zayn_radio","",""
"DLG_zayn_0014","","","Die Aufnahme endet.","2400","app/mods/zayn.js","171","zayn_radio","",""
"DLG_zayn_0015","LUKE","","Keine Spieluhr drunter. Und kein Raum. Das ist Band.","3400","app/mods/zayn.js","180","zayn_kassette","",""
"DLG_zimmer7_0001","MANN VOM AMT","wolter","„Frau Wendt? Wir können neu ziehen.“","3000","app/mods/zimmer7.js","28","z7_uhr","","echo_zimmer7"
"DLG_zimmer7_0002","HILDE","hilde","„Das Los ist das Los.“","3000","app/mods/zimmer7.js","28","z7_uhr","","echo_zimmer7"
"DLG_zimmer7_0003","LUKE","","Das achte Kind. Ein Mädchen.","3200","app/mods/zimmer7.js","58","z7_protokoll","",""
"DLG_zimmer7_0004","LUKE","","Das bin nicht ich.","3200","app/mods/zimmer7.js","60","z7_protokoll","",""
"DLG_zimmer7_0005","LUKE","","Sie hat uns aufgeschrieben. Mama auch.","3400","app/mods/zimmer7.js","84","z7_takeAushang","",""
"DLG_zimmer7_0006","LUKE","","Gedenkstein am Tag der Übergabe. Die haben die Gräber bestellt, bevor irgendwer weg war.","4800","app/mods/zimmer7.js","282","","",""
"DLG_zimmer7_0007","MESS","","ARCHIV","","app/mods/zimmer7.js","292","","",""
"DLG_zimmer7_0008","LUKE","","Zwillinge zählen als eins, hat Mama immer gesagt. Beim Kindergeld nicht.","3800","app/mods/zimmer7.js","301","","",""
"DLG_zimmer7_0009","LUKE","","„Do Amt. Fr zählen. So nicht rangehen. Jonas.“","3600","app/mods/zimmer7.js","318","","",""
"DLG_zimmer7_0010","LUKE","","Das Einzige hier unten, was noch lebt. Respekt, Kaktus.","3400","app/mods/zimmer7.js","326","","",""
"DLG_zimmer7_0011","","","Im Archiv rattert ein Nadeldrucker: „ZÄHLSCHLUSS 03:13 · VORGANG 08 BETRITT ZIMMER 7.“","5600","app/mods/zimmer7.js","348","","",""